model,optimizer,n_features,hidden,dropout,lr,weight_decay,best_val_mse,test_rmse
(256-128)_0.1,adam_lr2e-3_wd1e-5,11,"(256, 128)",0.1,0.002,1e-05,0.30768445761580215,0.6358812218210395
(256-128)_0.0,adam_lr2e-3_wd0,11,"(256, 128)",0.0,0.002,0.0,0.3116324805376822,0.6417545298072449
(256-128)_0.1,adam_lr2e-3_wd1e-4,11,"(256, 128)",0.1,0.002,0.0001,0.3205701039548506,0.6260532204132808
(256-128)_0.1,adam_lr2e-3_wd0,11,"(256, 128)",0.1,0.002,0.0,0.3285783116231885,0.6382397831718667
(256-128)_0.1,adam_lr1e-3_wd1e-5,11,"(256, 128)",0.1,0.001,1e-05,0.33168371361598636,0.6357179052512558
(256-128)_0.2,adam_lr2e-3_wd0,11,"(256, 128)",0.2,0.002,0.0,0.3322159789110485,0.6387992280500404
(256-128)_0.0,adam_lr1e-3_wd1e-4,11,"(256, 128)",0.0,0.001,0.0001,0.33259316808299016,0.6350408961278798
(256-128)_0.0,adam_lr2e-3_wd1e-5,11,"(256, 128)",0.0,0.002,1e-05,0.3341530075198726,0.6308743509878865
(256-128)_0.0,adam_lr2e-3_wd1e-3,11,"(256, 128)",0.0,0.002,0.001,0.3350021096698025,0.6325659928538342
(128-64)_0.0,adam_lr2e-3_wd1e-4,11,"(128, 64)",0.0,0.002,0.0001,0.3351929125032927,0.6311933234606795
(256-128)_0.0,adam_lr2e-3_wd1e-4,11,"(256, 128)",0.0,0.002,0.0001,0.3356482308161886,0.6459347076670202
(128-64)_0.0,adam_lr2e-3_wd1e-3,11,"(128, 64)",0.0,0.002,0.001,0.33607218401473865,0.6532431385524324
(128-64)_0.2,adam_lr2e-3_wd1e-3,11,"(128, 64)",0.2,0.002,0.001,0.3367097079753876,0.6405661071454531
(256-128)_0.2,adam_lr2e-3_wd1e-4,11,"(256, 128)",0.2,0.002,0.0001,0.3378673493862152,0.6236258763497768
(128-64)_0.1,adam_lr2e-3_wd1e-4,11,"(128, 64)",0.1,0.002,0.0001,0.33895201327507957,0.6212324695301281
(64-32-16-8)_0.0,adam_lr2e-3_wd1e-4,11,"(64, 32, 16, 8)",0.0,0.002,0.0001,0.3389760360383151,0.6788516334845287
(256-128)_0.0,adam_lr1e-3_wd1e-5,11,"(256, 128)",0.0,0.001,1e-05,0.33917430775207386,0.6533216244748918
(256-128)_0.2,adam_lr2e-3_wd1e-3,11,"(256, 128)",0.2,0.002,0.001,0.34064393033061113,0.6229198817717957
(128-64)_0.0,adam_lr2e-3_wd0,11,"(128, 64)",0.0,0.002,0.0,0.3410212564886662,0.6335988618332314
(256-128)_0.2,adam_lr2e-3_wd1e-5,11,"(256, 128)",0.2,0.002,1e-05,0.34292804410583094,0.6232799175824943
(256-128)_0.4,adam_lr2e-3_wd1e-5,11,"(256, 128)",0.4,0.002,1e-05,0.34469641614378543,0.6387732911308142
(256-128)_0.0,adam_lr1e-3_wd1e-3,11,"(256, 128)",0.0,0.001,0.001,0.34485583242617157,0.6445594624613378
(256-128)_0.1,adam_lr1e-3_wd0,11,"(256, 128)",0.1,0.001,0.0,0.3460466851267898,0.6204041503655651
(128-64)_0.0,adam_lr1e-3_wd1e-4,11,"(128, 64)",0.0,0.001,0.0001,0.346316421241091,0.636295042293615
(128-64)_0.1,adam_lr2e-3_wd1e-5,11,"(128, 64)",0.1,0.002,1e-05,0.34675497914615433,0.6234049589142916
(128-64)_0.0,adam_lr1e-3_wd0,11,"(128, 64)",0.0,0.001,0.0,0.3472400924615693,0.6307470414970342
(128-64)_0.1,adam_lr2e-3_wd0,11,"(128, 64)",0.1,0.002,0.0,0.3476162490091826,0.6449479152756677
(256-128)_0.1,adam_lr1e-3_wd1e-3,11,"(256, 128)",0.1,0.001,0.001,0.34769103610724733,0.6390878224457843
(64-32-16)_0.0,adam_lr2e-3_wd0,11,"(64, 32, 16)",0.0,0.002,0.0,0.3500411526152962,0.6756565666365448
(256-128)_0.2,adam_lr1e-3_wd1e-5,11,"(256, 128)",0.2,0.001,1e-05,0.350082665681839,0.629626928797757
(64-32-16-8)_0.0,adam_lr1e-3_wd1e-5,11,"(64, 32, 16, 8)",0.0,0.001,1e-05,0.35069537267350315,0.6343129697773259
(256-128)_0.2,adam_lr1e-3_wd0,11,"(256, 128)",0.2,0.001,0.0,0.3511834871350673,0.6260630434212394
(64-32)_0.0,adam_lr2e-3_wd1e-3,11,"(64, 32)",0.0,0.002,0.001,0.3532668305070777,0.6543235633749146
(64-32)_0.0,adam_lr1e-3_wd1e-4,11,"(64, 32)",0.0,0.001,0.0001,0.35425247800977605,0.6690612591760491
(64-32)_0.0,adam_lr2e-3_wd1e-4,11,"(64, 32)",0.0,0.002,0.0001,0.35479229897783515,0.6400895726033287
(256-128)_0.1,adam_lr2e-3_wd1e-3,11,"(256, 128)",0.1,0.002,0.001,0.35620183902874325,0.6161664512618857
(256-128)_0.4,adam_lr2e-3_wd1e-3,11,"(256, 128)",0.4,0.002,0.001,0.3562524010214889,0.6375441619653411
(256-128)_0.1,adam_lr1e-3_wd1e-4,11,"(256, 128)",0.1,0.001,0.0001,0.3575469020165895,0.630424861306229
(256-128)_0.2,adam_lr1e-3_wd1e-4,11,"(256, 128)",0.2,0.001,0.0001,0.3580034129452287,0.6371799600631226
(64-32-16)_0.0,adam_lr2e-3_wd1e-5,11,"(64, 32, 16)",0.0,0.002,1e-05,0.3615032800456934,0.6428133669422019
(64-32-16-8)_0.0,adam_lr2e-3_wd1e-3,7,"(64, 32, 16, 8)",0.0,0.002,0.001,0.3625490571323194,0.6424970888037337
(64-32-16-8)_0.0,adam_lr2e-3_wd1e-5,11,"(64, 32, 16, 8)",0.0,0.002,1e-05,0.36299218106688114,0.6718843658072191
(64-32-16-8)_0.0,adam_lr2e-3_wd0,11,"(64, 32, 16, 8)",0.0,0.002,0.0,0.3656238050837266,0.6432137520654311
(256-128)_0.4,adam_lr2e-3_wd0,11,"(256, 128)",0.4,0.002,0.0,0.3672074471649371,0.6475057058737725
(256-128)_0.2,adam_lr1e-3_wd1e-3,11,"(256, 128)",0.2,0.001,0.001,0.36836794489308405,0.6175458668600822
(32-16)_0.0,adam_lr2e-3_wd1e-3,11,"(32, 16)",0.0,0.002,0.001,0.36930559915408756,0.653508473764157
(256-128)_0.2,adam_lr5e-4_wd1e-3,11,"(256, 128)",0.2,0.0005,0.001,0.3698847523906775,0.6247145651973165
(128-64)_0.2,adam_lr2e-3_wd1e-4,11,"(128, 64)",0.2,0.002,0.0001,0.3700124793931058,0.66690741535803
(64-32)_0.0,adam_lr2e-3_wd1e-5,11,"(64, 32)",0.0,0.002,1e-05,0.3708337942759196,0.6500881228228262
(64-32-16-8)_0.2,adam_lr2e-3_wd1e-4,11,"(64, 32, 16, 8)",0.2,0.002,0.0001,0.3711945445914018,0.658775261450551
(128-64)_0.1,adam_lr1e-3_wd1e-4,11,"(128, 64)",0.1,0.001,0.0001,0.3712490200996399,0.6353699609653088
(128-64)_0.0,adam_lr1e-3_wd1e-5,11,"(128, 64)",0.0,0.001,1e-05,0.3712971550330781,0.6633786763118975
(128-64)_0.1,adam_lr1e-3_wd1e-3,11,"(128, 64)",0.1,0.001,0.001,0.3715455129481198,0.6376970345595605
(256-128)_0.1,adam_lr5e-4_wd0,11,"(256, 128)",0.1,0.0005,0.0,0.37173163995408176,0.6490026380251236
(256-128)_0.4,adam_lr2e-3_wd1e-4,11,"(256, 128)",0.4,0.002,0.0001,0.37187121730101735,0.6295266670263507
(256-128)_0.1,adam_lr5e-4_wd1e-3,11,"(256, 128)",0.1,0.0005,0.001,0.3725674659536596,0.6404923753803448
(256-128)_0.4,adam_lr1e-3_wd1e-3,11,"(256, 128)",0.4,0.001,0.001,0.37279808782694634,0.640227596041546
(64-32-16)_0.2,adam_lr2e-3_wd1e-5,11,"(64, 32, 16)",0.2,0.002,1e-05,0.3754733905457614,0.6718161631434394
(128-64)_0.0,adam_lr5e-4_wd0,11,"(128, 64)",0.0,0.0005,0.0,0.3756506239113055,0.6388046120626284
(64-32-16-8)_0.0,adam_lr2e-3_wd1e-3,11,"(64, 32, 16, 8)",0.0,0.002,0.001,0.3758685442439297,0.6630912312048817
(64-32-16)_0.1,adam_lr2e-3_wd0,11,"(64, 32, 16)",0.1,0.002,0.0,0.37617311561316774,0.650487651627815
(256-128)_0.2,adam_lr5e-4_wd1e-5,11,"(256, 128)",0.2,0.0005,1e-05,0.3763316247546882,0.6404641557312206
(64-32)_0.1,adam_lr2e-3_wd1e-3,11,"(64, 32)",0.1,0.002,0.001,0.3773666662082337,0.6429630061031131
(64-32)_0.1,adam_lr1e-3_wd0,11,"(64, 32)",0.1,0.001,0.0,0.37757967386329383,0.6551918710171764
(256-128)_0.0,adam_lr1e-3_wd0,11,"(256, 128)",0.0,0.001,0.0,0.3781735091878657,0.6258340157457445
(64-32)_0.2,adam_lr2e-3_wd0,11,"(64, 32)",0.2,0.002,0.0,0.37825376370496916,0.6469120498572118
(64-32)_0.2,adam_lr2e-3_wd1e-5,11,"(64, 32)",0.2,0.002,1e-05,0.3801032435475734,0.6483918449191746
(128-64)_0.1,adam_lr2e-3_wd1e-3,11,"(128, 64)",0.1,0.002,0.001,0.38055441567772313,0.6417451595966315
(256-128)_0.0,adam_lr5e-4_wd1e-4,11,"(256, 128)",0.0,0.0005,0.0001,0.3806921018843065,0.6391117394497604
(128-64)_0.4,adam_lr2e-3_wd0,11,"(128, 64)",0.4,0.002,0.0,0.3811781568485394,0.6268895283994482
(64-32-16)_0.1,adam_lr2e-3_wd1e-3,11,"(64, 32, 16)",0.1,0.002,0.001,0.3814431021088048,0.6407372769684496
(128-64)_0.2,adam_lr2e-3_wd0,11,"(128, 64)",0.2,0.002,0.0,0.3821877800581748,0.6401083133826936
(64-32-16)_0.0,adam_lr2e-3_wd1e-4,11,"(64, 32, 16)",0.0,0.002,0.0001,0.3827381484341203,0.6794995251497796
(64-32-16)_0.2,adam_lr2e-3_wd0,11,"(64, 32, 16)",0.2,0.002,0.0,0.38291519305162264,0.6605210448760225
(64-32-16)_0.0,adam_lr1e-3_wd1e-4,11,"(64, 32, 16)",0.0,0.001,0.0001,0.383826754595104,0.6269139035390862
(128-64)_0.0,adam_lr5e-4_wd1e-5,11,"(128, 64)",0.0,0.0005,1e-05,0.3841554590484552,0.6467572633290521
(64-32)_0.1,adam_lr2e-3_wd1e-5,11,"(64, 32)",0.1,0.002,1e-05,0.3845805165014769,0.6432606895783451
(256-128)_0.0,adam_lr5e-4_wd0,11,"(256, 128)",0.0,0.0005,0.0,0.38478391682892515,0.643698032676046
(256-128)_0.1,adam_lr5e-4_wd1e-5,11,"(256, 128)",0.1,0.0005,1e-05,0.3849351176044397,0.6299532775241246
(128-64)_0.4,adam_lr2e-3_wd1e-3,11,"(128, 64)",0.4,0.002,0.001,0.3854129685644518,0.6467417773895398
(32-16)_0.0,adam_lr1e-3_wd0,11,"(32, 16)",0.0,0.001,0.0,0.3874509930610657,0.6794944540510148
(128-64)_0.2,adam_lr2e-3_wd1e-5,11,"(128, 64)",0.2,0.002,1e-05,0.38779840814439875,0.6215455358288556
(64-32)_0.0,adam_lr2e-3_wd0,11,"(64, 32)",0.0,0.002,0.0,0.3884520635270236,0.653329968295878
(256-128)_0.2,adam_lr5e-4_wd0,11,"(256, 128)",0.2,0.0005,0.0,0.3886780597661671,0.6339455523355283
(128-64)_0.1,adam_lr1e-3_wd0,11,"(128, 64)",0.1,0.001,0.0,0.38874763041211846,0.635031939008243
(64-32-16)_0.0,adam_lr1e-3_wd0,11,"(64, 32, 16)",0.0,0.001,0.0,0.38934135175587836,0.6806206051170606
(256-128)_0.0,adam_lr5e-4_wd1e-3,11,"(256, 128)",0.0,0.0005,0.001,0.3906581668477309,0.63546072899345
(128-64)_0.0,adam_lr2e-3_wd1e-5,11,"(128, 64)",0.0,0.002,1e-05,0.39106057610428124,0.6549573867899718
(256-128)_0.0,adam_lr5e-4_wd1e-5,11,"(256, 128)",0.0,0.0005,1e-05,0.39170275550139577,0.6325165972570005
(64-32)_0.1,adam_lr2e-3_wd1e-4,11,"(64, 32)",0.1,0.002,0.0001,0.39270984917356255,0.6469807048293842
(128-64)_0.2,adam_lr1e-3_wd1e-5,11,"(128, 64)",0.2,0.001,1e-05,0.39319192265209396,0.649478122710387
(128-64)_0.2,adam_lr1e-3_wd1e-4,11,"(128, 64)",0.2,0.001,0.0001,0.3932570302695559,0.6463055101533935
(128-64)_0.1,adam_lr5e-4_wd1e-4,11,"(128, 64)",0.1,0.0005,0.0001,0.39447577376114695,0.6793376603734246
(256-128)_0.2,adam_lr5e-4_wd1e-4,11,"(256, 128)",0.2,0.0005,0.0001,0.3947165148300037,0.641267393726418
(32-16)_0.0,adam_lr2e-3_wd1e-3,7,"(32, 16)",0.0,0.002,0.001,0.39501677270521196,0.654122948424772
(64-32-16)_0.0,adam_lr1e-3_wd1e-3,11,"(64, 32, 16)",0.0,0.001,0.001,0.39563480437847603,0.6379360507301888
(32-16)_0.0,adam_lr1e-3_wd0,7,"(32, 16)",0.0,0.001,0.0,0.3956748879792398,0.6509216224899617
(64-32-16)_0.1,adam_lr2e-3_wd1e-4,11,"(64, 32, 16)",0.1,0.002,0.0001,0.39584011257740487,0.6373624987094004
(64-32-16-8)_0.0,adam_lr5e-4_wd1e-5,11,"(64, 32, 16, 8)",0.0,0.0005,1e-05,0.39601451053954007,0.6622330543591766
(128-64)_0.0,adam_lr5e-4_wd1e-3,11,"(128, 64)",0.0,0.0005,0.001,0.39630394598893953,0.6524668584579442
(256-128)_0.1,adam_lr5e-4_wd1e-4,11,"(256, 128)",0.1,0.0005,0.0001,0.396407473505589,0.6436377162519004
(128-64)_0.2,adam_lr1e-3_wd1e-3,11,"(128, 64)",0.2,0.001,0.001,0.3964957746497372,0.6519292100754546
(64-32)_0.0,adam_lr2e-3_wd1e-5,7,"(64, 32)",0.0,0.002,1e-05,0.39749743959359957,0.6564196021913546
(64-32-16)_0.1,adam_lr1e-3_wd0,11,"(64, 32, 16)",0.1,0.001,0.0,0.39844594451419096,0.6817369340983901
(128-64)_0.2,adam_lr1e-3_wd0,11,"(128, 64)",0.2,0.001,0.0,0.39892330399730747,0.619872876302216
(64-32-16-8)_0.0,adam_lr1e-3_wd1e-4,11,"(64, 32, 16, 8)",0.0,0.001,0.0001,0.39996339720592167,0.6646857362961115
(128-64)_0.4,adam_lr2e-3_wd1e-4,11,"(128, 64)",0.4,0.002,0.0001,0.4002109624837574,0.6637974288575712
(64-32)_0.0,adam_lr1e-3_wd1e-5,11,"(64, 32)",0.0,0.001,1e-05,0.4006136310727973,0.6431163604094123
(32-16)_0.0,adam_lr2e-3_wd0,11,"(32, 16)",0.0,0.002,0.0,0.4010351906742966,0.6853806775122474
(64-32)_0.0,adam_lr1e-3_wd0,11,"(64, 32)",0.0,0.001,0.0,0.4014130982390621,0.658126497046856
(64-32-16-8)_0.1,adam_lr2e-3_wd1e-3,11,"(64, 32, 16, 8)",0.1,0.002,0.001,0.4016845372685215,0.6389831151811817
(64-32-16)_0.2,adam_lr2e-3_wd1e-3,11,"(64, 32, 16)",0.2,0.002,0.001,0.40236046492007743,0.6953600369198839
(64-32)_0.2,adam_lr2e-3_wd1e-3,11,"(64, 32)",0.2,0.002,0.001,0.4024542444630673,0.6639012006686118
(256-128)_0.0,adam_lr2e-3_wd1e-5,7,"(256, 128)",0.0,0.002,1e-05,0.40260679575434904,0.6460877749703899
(64-32-16)_0.0,adam_lr1e-3_wd1e-5,11,"(64, 32, 16)",0.0,0.001,1e-05,0.40261326024406835,0.6249450300755738
(128-64)_0.4,adam_lr2e-3_wd1e-5,11,"(128, 64)",0.4,0.002,1e-05,0.40273311054497435,0.6683003797068602
(256-128)_0.4,adam_lr1e-3_wd1e-5,11,"(256, 128)",0.4,0.001,1e-05,0.4029262442337839,0.6434508106256445
(128-64)_0.1,adam_lr5e-4_wd1e-5,11,"(128, 64)",0.1,0.0005,1e-05,0.4032344823343712,0.6448555160054907
(64-32-16)_0.0,adam_lr2e-3_wd1e-3,11,"(64, 32, 16)",0.0,0.002,0.001,0.4035202881746125,0.6210922460248355
(32-16)_0.0,adam_lr1e-3_wd1e-3,11,"(32, 16)",0.0,0.001,0.001,0.40435564622544407,0.6736200797245163
(64-32)_0.1,adam_lr2e-3_wd0,11,"(64, 32)",0.1,0.002,0.0,0.40511020756604377,0.6578466886164925
(64-32-16-8)_0.2,adam_lr2e-3_wd0,11,"(64, 32, 16, 8)",0.2,0.002,0.0,0.40522719475260954,0.6337833525162196
(256-128)_0.0,adam_lr2e-3_wd0,7,"(256, 128)",0.0,0.002,0.0,0.4057686778537014,0.646158575583553
(64-32)_0.0,adam_lr1e-3_wd0,7,"(64, 32)",0.0,0.001,0.0,0.4065839172455302,0.6460550656336348
(64-32)_0.0,adam_lr1e-3_wd1e-3,7,"(64, 32)",0.0,0.001,0.001,0.4071218245907834,0.6492143203216194
(256-128)_0.0,adam_lr5e-4_wd1e-5,7,"(256, 128)",0.0,0.0005,1e-05,0.4073301443928166,0.6739811362632736
(128-64)_0.0,adam_lr5e-4_wd1e-4,11,"(128, 64)",0.0,0.0005,0.0001,0.407446832510463,0.6436743398336041
(64-32-16)_0.0,adam_lr1e-3_wd1e-5,7,"(64, 32, 16)",0.0,0.001,1e-05,0.40796742784349543,0.6611873628457867
(64-32-16-8)_0.1,adam_lr2e-3_wd0,11,"(64, 32, 16, 8)",0.1,0.002,0.0,0.40839823766758565,0.6359835978107728
(64-32-16)_0.0,adam_lr2e-3_wd1e-3,7,"(64, 32, 16)",0.0,0.002,0.001,0.40881442448549105,0.655863115935322
(256-128)_0.2,adam_lr2e-3_wd1e-4,7,"(256, 128)",0.2,0.002,0.0001,0.4089325326576568,0.6303680675763997
(64-32-16)_0.2,adam_lr2e-3_wd0,7,"(64, 32, 16)",0.2,0.002,0.0,0.40936940437869024,0.6705773457157739
(64-32)_0.1,adam_lr1e-3_wd1e-4,11,"(64, 32)",0.1,0.001,0.0001,0.4094019160981764,0.6504464141112349
(64-32)_0.1,adam_lr2e-3_wd1e-5,7,"(64, 32)",0.1,0.002,1e-05,0.40956992799775643,0.6676812063940502
(64-32-16)_0.1,adam_lr1e-3_wd1e-5,11,"(64, 32, 16)",0.1,0.001,1e-05,0.40986310912851703,0.6478652035230033
(256-128)_0.2,adam_lr2e-3_wd0,7,"(256, 128)",0.2,0.002,0.0,0.4105054725680435,0.6389176723362857
(64-32-16-8)_0.0,adam_lr1e-3_wd0,11,"(64, 32, 16, 8)",0.0,0.001,0.0,0.4107081273145843,0.6376739667030857
(128-64)_0.4,adam_lr1e-3_wd1e-4,11,"(128, 64)",0.4,0.001,0.0001,0.41073663245167646,0.6469039583604985
(256-128)_0.0,adam_lr5e-4_wd0,7,"(256, 128)",0.0,0.0005,0.0,0.41078341320941325,0.6677831698963804
(256-128)_0.4,adam_lr1e-3_wd1e-4,11,"(256, 128)",0.4,0.001,0.0001,0.4110325642845087,0.6134304573976093
(64-32)_0.2,adam_lr2e-3_wd1e-4,11,"(64, 32)",0.2,0.002,0.0001,0.41161791117567764,0.65318980949886
(64-32-16-8)_0.1,adam_lr2e-3_wd1e-5,7,"(64, 32, 16, 8)",0.1,0.002,1e-05,0.41184007494073166,0.6783464301446878
(64-32)_0.0,adam_lr2e-3_wd1e-4,7,"(64, 32)",0.0,0.002,0.0001,0.4119150659494233,0.6764087575480013
(64-32)_0.0,adam_lr2e-3_wd0,7,"(64, 32)",0.0,0.002,0.0,0.41257966505853755,0.6681767690449645
(32-16)_0.0,adam_lr2e-3_wd1e-5,7,"(32, 16)",0.0,0.002,1e-05,0.4128832529511368,0.6429027757094659
(64-32)_0.1,adam_lr1e-3_wd1e-5,11,"(64, 32)",0.1,0.001,1e-05,0.41300233362013833,0.6503110190162016
(64-32)_0.1,adam_lr1e-3_wd1e-4,7,"(64, 32)",0.1,0.001,0.0001,0.4135297630962573,0.651099853679659
(128-64)_0.1,adam_lr2e-3_wd1e-4,7,"(128, 64)",0.1,0.002,0.0001,0.4152868327341582,0.6425989792137973
(32-16)_0.0,adam_lr2e-3_wd1e-4,11,"(32, 16)",0.0,0.002,0.0001,0.4154065659171657,0.6350242623676573
(64-32-16-8)_0.1,adam_lr2e-3_wd0,7,"(64, 32, 16, 8)",0.1,0.002,0.0,0.41593262291791144,0.6692261005171377
(128-64)_0.0,adam_lr2e-3_wd0,7,"(128, 64)",0.0,0.002,0.0,0.41597618502483036,0.6302292411964728
(64-32)_0.0,adam_lr5e-4_wd0,11,"(64, 32)",0.0,0.0005,0.0,0.415985212514275,0.6439784811555921
(64-32-16)_0.1,adam_lr2e-3_wd1e-5,11,"(64, 32, 16)",0.1,0.002,1e-05,0.41620014058916194,0.6207256472855041
(256-128)_0.0,adam_lr2e-3_wd1e-3,7,"(256, 128)",0.0,0.002,0.001,0.4163578440222824,0.6592915467030679
(64-32)_0.0,adam_lr1e-3_wd1e-3,11,"(64, 32)",0.0,0.001,0.001,0.41669916008648117,0.6360849076191465
(64-32)_0.0,adam_lr5e-4_wd1e-3,11,"(64, 32)",0.0,0.0005,0.001,0.4169736975117734,0.6743416126854297
(128-64)_0.1,adam_lr1e-3_wd1e-3,7,"(128, 64)",0.1,0.001,0.001,0.41705343754667984,0.6498514961441321
(256-128)_0.2,adam_lr1e-3_wd1e-4,7,"(256, 128)",0.2,0.001,0.0001,0.41732193660317807,0.6477800032255354
(128-64)_0.0,adam_lr1e-3_wd1e-3,11,"(128, 64)",0.0,0.001,0.001,0.4176607048302366,0.6417422926579784
(32-16)_0.0,adam_lr1e-3_wd1e-4,11,"(32, 16)",0.0,0.001,0.0001,0.41807140854367036,0.6600817917821947
(64-32)_0.2,adam_lr1e-3_wd0,11,"(64, 32)",0.2,0.001,0.0,0.4183325140099776,0.6734256196510972
(256-128)_0.4,adam_lr1e-3_wd0,11,"(256, 128)",0.4,0.001,0.0,0.41834458551908793,0.6168490254851354
(64-32-16-8)_0.1,adam_lr2e-3_wd1e-4,11,"(64, 32, 16, 8)",0.1,0.002,0.0001,0.41866970428249295,0.6529856641320191
(256-128)_0.1,adam_lr2e-3_wd1e-3,7,"(256, 128)",0.1,0.002,0.001,0.4187963505585988,0.6297313481076696
(256-128)_0.2,adam_lr5e-4_wd0,7,"(256, 128)",0.2,0.0005,0.0,0.4188875728531888,0.6215678194999025
(64-32-16)_0.0,adam_lr1e-3_wd1e-3,7,"(64, 32, 16)",0.0,0.001,0.001,0.4189333058240121,0.6487194619233939
(64-32-16-8)_0.0,adam_lr1e-3_wd1e-3,7,"(64, 32, 16, 8)",0.0,0.001,0.001,0.4189593839017968,0.6969367146660542
(128-64)_0.1,adam_lr2e-3_wd1e-3,7,"(128, 64)",0.1,0.002,0.001,0.41905458140791507,0.6675824308861863
(256-128)_0.4,adam_lr2e-3_wd1e-5,7,"(256, 128)",0.4,0.002,1e-05,0.4191558125771974,0.6466990571539191
(256-128)_0.1,adam_lr1e-3_wd1e-4,7,"(256, 128)",0.1,0.001,0.0001,0.41954541833777176,0.6220502958878084
(128-64)_0.4,adam_lr2e-3_wd1e-3,7,"(128, 64)",0.4,0.002,0.001,0.4197414773598052,0.6520779579431367
(128-64)_0.1,adam_lr5e-4_wd1e-3,11,"(128, 64)",0.1,0.0005,0.001,0.4203710749483945,0.6441423336908291
(128-64)_0.0,adam_lr1e-3_wd1e-3,7,"(128, 64)",0.0,0.001,0.001,0.42043982158627424,0.6480993799109779
(64-32-16)_0.1,adam_lr2e-3_wd1e-5,7,"(64, 32, 16)",0.1,0.002,1e-05,0.4207302499235722,0.6800310066597958
(64-32-16-8)_0.2,adam_lr2e-3_wd1e-3,11,"(64, 32, 16, 8)",0.2,0.002,0.001,0.4209528288297486,0.6898865663330324
(64-32-16-8)_0.0,adam_lr1e-3_wd1e-3,11,"(64, 32, 16, 8)",0.0,0.001,0.001,0.42273935257342826,0.6504200951722693
(256-128)_0.4,adam_lr2e-3_wd1e-4,7,"(256, 128)",0.4,0.002,0.0001,0.4228529135386149,0.6515590279042875
(64-32-16-8)_0.1,adam_lr2e-3_wd1e-5,11,"(64, 32, 16, 8)",0.1,0.002,1e-05,0.4229109151321545,0.6457063872958967
(64-32-16-8)_0.0,adam_lr2e-3_wd0,7,"(64, 32, 16, 8)",0.0,0.002,0.0,0.4230373486092216,0.6643699796590635
(64-32-16-8)_0.1,adam_lr1e-3_wd1e-4,11,"(64, 32, 16, 8)",0.1,0.001,0.0001,0.4237763055583887,0.6236197024238597
(64-32-16-8)_0.0,adam_lr1e-3_wd0,7,"(64, 32, 16, 8)",0.0,0.001,0.0,0.4238439296421252,0.6906986255864738
(256-128)_0.0,adam_lr1e-3_wd1e-5,7,"(256, 128)",0.0,0.001,1e-05,0.42393811386928226,0.6335083533112307
(128-64)_0.1,adam_lr2e-3_wd0,7,"(128, 64)",0.1,0.002,0.0,0.4240626572516927,0.6564718410533629
(128-64)_0.2,adam_lr5e-4_wd1e-4,11,"(128, 64)",0.2,0.0005,0.0001,0.4245131669337289,0.6599710505498112
(256-128)_0.0,adam_lr2e-3_wd1e-4,7,"(256, 128)",0.0,0.002,0.0001,0.4246554840029332,0.6352560057514709
(64-32)_0.0,adam_lr5e-4_wd1e-5,11,"(64, 32)",0.0,0.0005,1e-05,0.42469432427172077,0.6667882602831134
(32-16)_0.0,adam_lr2e-3_wd0,7,"(32, 16)",0.0,0.002,0.0,0.424717364604013,0.6544401473635337
(32-16)_0.0,adam_lr1e-3_wd1e-3,7,"(32, 16)",0.0,0.001,0.001,0.42507798473040265,0.6740903639979474
(64-32-16-8)_0.0,adam_lr1e-3_wd1e-5,7,"(64, 32, 16, 8)",0.0,0.001,1e-05,0.4260840426411545,0.6383324314369011
(64-32-16)_0.1,adam_lr2e-3_wd0,7,"(64, 32, 16)",0.1,0.002,0.0,0.4270865478013691,0.6471939437991012
(64-32)_0.0,adam_lr1e-3_wd1e-5,7,"(64, 32)",0.0,0.001,1e-05,0.4275386929512024,0.679839015622216
(64-32-16-8)_0.0,adam_lr5e-4_wd1e-4,11,"(64, 32, 16, 8)",0.0,0.0005,0.0001,0.42861393616910565,0.6616005939237507
(64-32-16)_0.0,adam_lr5e-4_wd0,11,"(64, 32, 16)",0.0,0.0005,0.0,0.42870712698551644,0.6469877923911336
(256-128)_0.2,adam_lr2e-3_wd1e-3,7,"(256, 128)",0.2,0.002,0.001,0.42906043194887933,0.6174235518687053
(64-32-16)_0.1,adam_lr1e-3_wd1e-4,11,"(64, 32, 16)",0.1,0.001,0.0001,0.4290929781763177,0.6570339655823738
(256-128)_0.1,adam_lr1e-3_wd1e-3,7,"(256, 128)",0.1,0.001,0.001,0.42910043921386987,0.6443682391829874
(64-32-16-8)_0.1,adam_lr1e-3_wd0,11,"(64, 32, 16, 8)",0.1,0.001,0.0,0.4295382677463063,0.6678604053627704
(64-32-16-8)_0.2,adam_lr2e-3_wd1e-4,7,"(64, 32, 16, 8)",0.2,0.002,0.0001,0.429878303356338,0.6843647495431378
(128-64)_0.2,adam_lr5e-4_wd1e-3,11,"(128, 64)",0.2,0.0005,0.001,0.4302924432252583,0.6490294057475852
(128-64)_0.0,adam_lr2e-3_wd1e-3,7,"(128, 64)",0.0,0.002,0.001,0.43052012669412715,0.6194704823370243
(128-64)_0.1,adam_lr1e-3_wd1e-4,7,"(128, 64)",0.1,0.001,0.0001,0.4309250864020565,0.6528011868375274
(64-32-16-8)_0.0,adam_lr5e-4_wd0,7,"(64, 32, 16, 8)",0.0,0.0005,0.0,0.4309627277809277,0.6860685645115239
(256-128)_0.0,adam_lr5e-4_wd1e-3,7,"(256, 128)",0.0,0.0005,0.001,0.431391284654015,0.669698342190628
(64-32-16)_0.0,adam_lr5e-4_wd1e-5,11,"(64, 32, 16)",0.0,0.0005,1e-05,0.43178196748097736,0.6509828120069374
(64-32-16-8)_0.0,adam_lr2e-3_wd1e-5,7,"(64, 32, 16, 8)",0.0,0.002,1e-05,0.43223109632207635,0.6261008906026838
(128-64)_0.2,adam_lr1e-3_wd0,7,"(128, 64)",0.2,0.001,0.0,0.4323405210386243,0.6549928237212994
(64-32-16-8)_0.0,adam_lr2e-3_wd1e-4,7,"(64, 32, 16, 8)",0.0,0.002,0.0001,0.4323692760969463,0.6214046097768493
(256-128)_0.4,adam_lr2e-3_wd1e-3,7,"(256, 128)",0.4,0.002,0.001,0.4325452101858039,0.6792918462991819
(128-64)_0.2,adam_lr1e-3_wd1e-3,7,"(128, 64)",0.2,0.001,0.001,0.4325755928692065,0.6311966408778725
(64-32-16)_0.0,adam_lr5e-4_wd1e-5,7,"(64, 32, 16)",0.0,0.0005,1e-05,0.4326640147911875,0.6706977997615506
(256-128)_0.1,adam_lr2e-3_wd1e-4,7,"(256, 128)",0.1,0.002,0.0001,0.43269454805474533,0.6303051263676769
(32-16)_0.1,adam_lr2e-3_wd0,11,"(32, 16)",0.1,0.002,0.0,0.4328445039297405,0.6713819094519573
(256-128)_0.1,adam_lr5e-4_wd1e-3,7,"(256, 128)",0.1,0.0005,0.001,0.4329032861349875,0.651990814991758
(64-32-16)_0.0,adam_lr2e-3_wd0,7,"(64, 32, 16)",0.0,0.002,0.0,0.43296920939495687,0.6499942303245173
(256-128)_0.4,adam_lr1e-3_wd1e-5,7,"(256, 128)",0.4,0.001,1e-05,0.43331759331519143,0.6480785717328055
(32-16)_0.1,adam_lr2e-3_wd1e-5,11,"(32, 16)",0.1,0.002,1e-05,0.43361556948276986,0.6572086909708427
(256-128)_0.1,adam_lr2e-3_wd0,7,"(256, 128)",0.1,0.002,0.0,0.4336444745983994,0.668551714811725
(256-128)_0.2,adam_lr5e-4_wd1e-3,7,"(256, 128)",0.2,0.0005,0.001,0.43387653430302936,0.6534638166233399
(256-128)_0.2,adam_lr1e-3_wd1e-5,7,"(256, 128)",0.2,0.001,1e-05,0.43411883450391,0.6613087121293051
(256-128)_0.0,adam_lr1e-3_wd1e-4,7,"(256, 128)",0.0,0.001,0.0001,0.4341586587721841,0.6573216595050749
(256-128)_0.1,adam_lr1e-3_wd0,7,"(256, 128)",0.1,0.001,0.0,0.43421813636495354,0.6538715248900492
(64-32-16-8)_0.0,adam_lr5e-4_wd0,11,"(64, 32, 16, 8)",0.0,0.0005,0.0,0.4342491924762726,0.6330572378868653
(256-128)_0.1,adam_lr2e-3_wd1e-5,7,"(256, 128)",0.1,0.002,1e-05,0.43434281307354305,0.6463776378439366
(64-32)_0.1,adam_lr2e-3_wd1e-3,7,"(64, 32)",0.1,0.002,0.001,0.4344809405636369,0.6689534056623994
(128-64)_0.0,adam_lr1e-3_wd1e-4,7,"(128, 64)",0.0,0.001,0.0001,0.43455846790681807,0.6600838040699796
(64-32-16)_0.0,adam_lr2e-3_wd1e-4,7,"(64, 32, 16)",0.0,0.002,0.0001,0.4350017549698813,0.6191342464542775
(256-128)_0.4,adam_lr5e-4_wd1e-3,11,"(256, 128)",0.4,0.0005,0.001,0.4350856814468116,0.6501220959635945
(128-64)_0.2,adam_lr2e-3_wd0,7,"(128, 64)",0.2,0.002,0.0,0.4351708742610195,0.6679015520806365
(128-64)_0.2,adam_lr5e-4_wd0,11,"(128, 64)",0.2,0.0005,0.0,0.4356659948825836,0.6587044362132356
(64-32)_0.0,adam_lr5e-4_wd1e-5,7,"(64, 32)",0.0,0.0005,1e-05,0.4357096845643562,0.6832509679564583
(256-128)_0.4,adam_lr5e-4_wd0,11,"(256, 128)",0.4,0.0005,0.0,0.435749200875299,0.6587536280107009
(128-64)_0.0,adam_lr5e-4_wd1e-5,7,"(128, 64)",0.0,0.0005,1e-05,0.43581488571668925,0.6589760714702615
(256-128)_0.1,adam_lr5e-4_wd1e-5,7,"(256, 128)",0.1,0.0005,1e-05,0.4359159176809746,0.6145170654424928
(64-32)_0.2,adam_lr1e-3_wd1e-3,11,"(64, 32)",0.2,0.001,0.001,0.4359824704496484,0.6778083165380492
(32-16)_0.0,adam_lr2e-3_wd1e-4,7,"(32, 16)",0.0,0.002,0.0001,0.43726987901486847,0.6648683825912014
(256-128)_0.4,adam_lr5e-4_wd1e-5,11,"(256, 128)",0.4,0.0005,1e-05,0.43728596390339364,0.6487136103099249
(128-64)_0.1,adam_lr1e-3_wd1e-5,11,"(128, 64)",0.1,0.001,1e-05,0.43767254394397404,0.6350964613997023
(128-64)_0.0,adam_lr1e-3_wd0,7,"(128, 64)",0.0,0.001,0.0,0.43797315944705095,0.662522920880137
(256-128)_0.0,adam_lr1e-3_wd0,7,"(256, 128)",0.0,0.001,0.0,0.4381765796427141,0.668076763445065
(256-128)_0.4,adam_lr1e-3_wd1e-3,7,"(256, 128)",0.4,0.001,0.001,0.4386713096970006,0.6397300036688992
(256-128)_0.4,adam_lr1e-3_wd0,7,"(256, 128)",0.4,0.001,0.0,0.4387878869709216,0.6363978145126922
(64-32-16)_0.1,adam_lr5e-4_wd1e-5,11,"(64, 32, 16)",0.1,0.0005,1e-05,0.43885010533165514,0.6677137358013356
(128-64)_0.1,adam_lr5e-4_wd0,11,"(128, 64)",0.1,0.0005,0.0,0.4389653137901373,0.6350499216784805
(128-64)_0.2,adam_lr2e-3_wd1e-5,7,"(128, 64)",0.2,0.002,1e-05,0.4389705584760298,0.6737031440230525
(256-128)_0.0,adam_lr5e-4_wd1e-4,7,"(256, 128)",0.0,0.0005,0.0001,0.43929553711623476,0.6537689792530206
(128-64)_0.4,adam_lr2e-3_wd1e-5,7,"(128, 64)",0.4,0.002,1e-05,0.43961796007658305,0.6638021211330627
(64-32-16)_0.1,adam_lr2e-3_wd1e-3,7,"(64, 32, 16)",0.1,0.002,0.001,0.4398527595034817,0.6556899079615351
(128-64)_0.1,adam_lr5e-4_wd1e-5,7,"(128, 64)",0.1,0.0005,1e-05,0.440115679774368,0.6533814437646445
(128-64)_0.2,adam_lr5e-4_wd1e-3,7,"(128, 64)",0.2,0.0005,0.001,0.4405224009564048,0.6522904914342945
(128-64)_0.4,adam_lr2e-3_wd1e-4,7,"(128, 64)",0.4,0.002,0.0001,0.4407926682840314,0.6693925454633884
(64-32-16-8)_0.0,adam_lr5e-4_wd1e-4,7,"(64, 32, 16, 8)",0.0,0.0005,0.0001,0.44082151588640717,0.7051211588748549
(32-16)_0.1,adam_lr2e-3_wd1e-4,11,"(32, 16)",0.1,0.002,0.0001,0.441138939376463,0.6638000045574556
(256-128)_0.2,adam_lr2e-3_wd1e-5,7,"(256, 128)",0.2,0.002,1e-05,0.44119628793314886,0.6748787774164042
(64-32)_0.0,adam_lr2e-3_wd1e-3,7,"(64, 32)",0.0,0.002,0.001,0.4416120313761527,0.6589827806923386
(64-32)_0.4,adam_lr2e-3_wd1e-4,11,"(64, 32)",0.4,0.002,0.0001,0.4418335912520425,0.672515779578011
(256-128)_0.2,adam_lr1e-3_wd0,7,"(256, 128)",0.2,0.001,0.0,0.4421294467491016,0.6535793107159241
(128-64)_0.1,adam_lr2e-3_wd1e-5,7,"(128, 64)",0.1,0.002,1e-05,0.4422329904740317,0.6540664869269489
(64-32-16)_0.1,adam_lr2e-3_wd1e-4,7,"(64, 32, 16)",0.1,0.002,0.0001,0.44240368144554004,0.6856418010417091
(64-32)_0.0,adam_lr1e-3_wd1e-4,7,"(64, 32)",0.0,0.001,0.0001,0.44255927989357396,0.6768470353528431
(64-32)_0.1,adam_lr5e-4_wd1e-5,11,"(64, 32)",0.1,0.0005,1e-05,0.44277899254832354,0.6766560954871066
(64-32-16)_0.1,adam_lr1e-3_wd1e-3,11,"(64, 32, 16)",0.1,0.001,0.001,0.4427868817981921,0.6461303380897946
(256-128)_0.2,adam_lr5e-4_wd1e-5,7,"(256, 128)",0.2,0.0005,1e-05,0.44282400085214985,0.6538966340625229
(64-32-16)_0.2,adam_lr2e-3_wd1e-4,11,"(64, 32, 16)",0.2,0.002,0.0001,0.4429723897524047,0.6609084464168911
(128-64)_0.0,adam_lr1e-3_wd1e-5,7,"(128, 64)",0.0,0.001,1e-05,0.4431662078489337,0.6586031703402145
(64-32)_0.2,adam_lr2e-3_wd1e-4,7,"(64, 32)",0.2,0.002,0.0001,0.4431790929091604,0.665661237897858
(64-32-16)_0.2,adam_lr2e-3_wd1e-4,7,"(64, 32, 16)",0.2,0.002,0.0001,0.44328670648106355,0.6833331181076482
(256-128)_0.0,adam_lr1e-3_wd1e-3,7,"(256, 128)",0.0,0.001,0.001,0.44359948603730454,0.656257722149704
(256-128)_0.2,adam_lr1e-3_wd1e-3,7,"(256, 128)",0.2,0.001,0.001,0.4436367530571787,0.6687653459588608
(64-32-16-8)_0.0,adam_lr5e-4_wd1e-3,11,"(64, 32, 16, 8)",0.0,0.0005,0.001,0.4442375307543236,0.6568928312686395
(128-64)_0.2,adam_lr2e-3_wd1e-3,7,"(128, 64)",0.2,0.002,0.001,0.44424045190476535,0.6643670018599462
(64-32)_0.1,adam_lr5e-4_wd1e-4,7,"(64, 32)",0.1,0.0005,0.0001,0.44442481848231535,0.6849359855080138
(128-64)_0.1,adam_lr1e-3_wd1e-5,7,"(128, 64)",0.1,0.001,1e-05,0.44473066769148173,0.6316888094833693
(32-16)_0.0,adam_lr5e-4_wd0,11,"(32, 16)",0.0,0.0005,0.0,0.4448671445511935,0.686191519887945
(64-32-16)_0.4,adam_lr2e-3_wd1e-4,11,"(64, 32, 16)",0.4,0.002,0.0001,0.4458536024679217,0.7363243717964186
(64-32)_0.2,adam_lr1e-3_wd1e-5,11,"(64, 32)",0.2,0.001,1e-05,0.4461919989502221,0.6660086387609303
(256-128)_0.1,adam_lr5e-4_wd1e-4,7,"(256, 128)",0.1,0.0005,0.0001,0.44635467152846486,0.6682025175444916
(64-32-16)_0.2,adam_lr2e-3_wd1e-3,7,"(64, 32, 16)",0.2,0.002,0.001,0.4463962295599151,0.6816366429139536
(64-32-16)_0.0,adam_lr1e-3_wd1e-4,7,"(64, 32, 16)",0.0,0.001,0.0001,0.4464100296037239,0.6508076780141686
(32-16)_0.1,adam_lr2e-3_wd1e-3,11,"(32, 16)",0.1,0.002,0.001,0.4465468332432864,0.687396123260854
(128-64)_0.0,adam_lr2e-3_wd1e-4,7,"(128, 64)",0.0,0.002,0.0001,0.44672917587715283,0.6412160349648838
(64-32)_0.0,adam_lr5e-4_wd0,7,"(64, 32)",0.0,0.0005,0.0,0.4468193984868234,0.6664584441520848
(32-16)_0.0,adam_lr2e-3_wd1e-5,11,"(32, 16)",0.0,0.002,1e-05,0.44703933439756693,0.662966241785189
(256-128)_0.1,adam_lr1e-3_wd1e-5,7,"(256, 128)",0.1,0.001,1e-05,0.44713423440330907,0.6273087025510142
(64-32-16)_0.1,adam_lr1e-3_wd1e-5,7,"(64, 32, 16)",0.1,0.001,1e-05,0.4474007999687864,0.657441810341724
(128-64)_0.2,adam_lr2e-3_wd1e-4,7,"(128, 64)",0.2,0.002,0.0001,0.4475186749508506,0.6682890588879791
(64-32-16)_0.0,adam_lr5e-4_wd1e-3,11,"(64, 32, 16)",0.0,0.0005,0.001,0.4485243841221458,0.6563710871043966
(256-128)_0.4,adam_lr5e-4_wd1e-3,7,"(256, 128)",0.4,0.0005,0.001,0.44861039885303433,0.656888738217187
(128-64)_0.2,adam_lr1e-3_wd1e-4,7,"(128, 64)",0.2,0.001,0.0001,0.44913705190022785,0.6590948415998047
(64-32-16)_0.1,adam_lr1e-3_wd1e-3,7,"(64, 32, 16)",0.1,0.001,0.001,0.4493105327873899,0.697541154586884
(64-32-16-8)_0.1,adam_lr2e-3_wd1e-3,7,"(64, 32, 16, 8)",0.1,0.002,0.001,0.44936896102470264,0.6990827382274688
(32-16)_0.1,adam_lr2e-3_wd1e-3,7,"(32, 16)",0.1,0.002,0.001,0.4493700982185832,0.678335055784868
(128-64)_0.1,adam_lr1e-3_wd0,7,"(128, 64)",0.1,0.001,0.0,0.4494054160620037,0.6753072057231383
(128-64)_0.0,adam_lr5e-4_wd1e-3,7,"(128, 64)",0.0,0.0005,0.001,0.44960770376941617,0.6808803981496648
(64-32)_0.2,adam_lr2e-3_wd1e-5,7,"(64, 32)",0.2,0.002,1e-05,0.4497281877618087,0.6403261668928415
(256-128)_0.4,adam_lr5e-4_wd1e-4,11,"(256, 128)",0.4,0.0005,0.0001,0.4506611656724361,0.6474536473821115
(64-32-16-8)_0.1,adam_lr1e-3_wd0,7,"(64, 32, 16, 8)",0.1,0.001,0.0,0.45078430991423757,0.685570800242794
(256-128)_0.2,adam_lr5e-4_wd1e-4,7,"(256, 128)",0.2,0.0005,0.0001,0.4518293644252576,0.6567690759063659
(64-32)_0.2,adam_lr2e-3_wd0,7,"(64, 32)",0.2,0.002,0.0,0.4518702668056153,0.6717730754379462
(64-32-16)_0.0,adam_lr5e-4_wd1e-4,11,"(64, 32, 16)",0.0,0.0005,0.0001,0.45238035917282104,0.646275230619682
(128-64)_0.2,adam_lr5e-4_wd0,7,"(128, 64)",0.2,0.0005,0.0,0.4528559854156093,0.6881446458458295
(64-32-16-8)_0.1,adam_lr2e-3_wd1e-4,7,"(64, 32, 16, 8)",0.1,0.002,0.0001,0.45310658425615546,0.6766438495517808
(256-128)_0.1,adam_lr5e-4_wd0,7,"(256, 128)",0.1,0.0005,0.0,0.45315459109189216,0.6466059794991297
(64-32)_0.1,adam_lr1e-3_wd0,7,"(64, 32)",0.1,0.001,0.0,0.4532340493118554,0.6641537728963145
(64-32)_0.2,adam_lr1e-3_wd1e-4,11,"(64, 32)",0.2,0.001,0.0001,0.4532778064409892,0.6564115025442716
(64-32)_0.1,adam_lr1e-3_wd1e-5,7,"(64, 32)",0.1,0.001,1e-05,0.45330871615493507,0.6518110369019446
(64-32)_0.1,adam_lr5e-4_wd1e-4,11,"(64, 32)",0.1,0.0005,0.0001,0.4548663517885041,0.6813928652134756
(64-32)_0.0,adam_lr5e-4_wd1e-3,7,"(64, 32)",0.0,0.0005,0.001,0.4551873850195031,0.6838667015904935
(64-32-16)_0.0,adam_lr5e-4_wd1e-3,7,"(64, 32, 16)",0.0,0.0005,0.001,0.4553984382696319,0.6761159370538172
(256-128)_0.4,adam_lr2e-3_wd0,7,"(256, 128)",0.4,0.002,0.0,0.45592121074074193,0.6435328395875154
(128-64)_0.2,adam_lr5e-4_wd1e-5,7,"(128, 64)",0.2,0.0005,1e-05,0.45640923056686133,0.6753027994659418
(64-32-16)_0.1,adam_lr5e-4_wd1e-4,7,"(64, 32, 16)",0.1,0.0005,0.0001,0.45730455611881454,0.692754427991242
(64-32-16)_0.1,adam_lr1e-3_wd0,7,"(64, 32, 16)",0.1,0.001,0.0,0.4575097435399106,0.6762233590833092
(128-64)_0.4,adam_lr2e-3_wd0,7,"(128, 64)",0.4,0.002,0.0,0.45780927151964423,0.6783708259426661
(256-128)_0.4,adam_lr5e-4_wd1e-4,7,"(256, 128)",0.4,0.0005,0.0001,0.4582943090221338,0.6564836773155814
(64-32-16)_0.4,adam_lr2e-3_wd0,11,"(64, 32, 16)",0.4,0.002,0.0,0.45835326115290326,0.7399085217435638
(64-32-16-8)_0.0,adam_lr1e-3_wd1e-4,7,"(64, 32, 16, 8)",0.0,0.001,0.0001,0.4586857159932454,0.656330605210501
(128-64)_0.4,adam_lr1e-3_wd0,11,"(128, 64)",0.4,0.001,0.0,0.45872041635345995,0.6714633040944523
(64-32-16-8)_0.2,adam_lr2e-3_wd1e-5,11,"(64, 32, 16, 8)",0.2,0.002,1e-05,0.45878971355003223,0.741252257362339
(128-64)_0.4,adam_lr1e-3_wd1e-3,11,"(128, 64)",0.4,0.001,0.001,0.4588184408974229,0.6825687598886117
(64-32)_0.2,adam_lr2e-3_wd1e-3,7,"(64, 32)",0.2,0.002,0.001,0.4589214408606814,0.6683882617337485
(32-16)_0.0,adam_lr1e-3_wd1e-5,11,"(32, 16)",0.0,0.001,1e-05,0.45945288423906294,0.6735788256500275
(64-32)_0.0,adam_lr5e-4_wd1e-4,11,"(64, 32)",0.0,0.0005,0.0001,0.45980498560687955,0.6904717284487886
(32-16)_0.1,adam_lr2e-3_wd0,7,"(32, 16)",0.1,0.002,0.0,0.45990106097438876,0.6835671525602584
(128-64)_0.2,adam_lr5e-4_wd1e-4,7,"(128, 64)",0.2,0.0005,0.0001,0.4599262721705855,0.6652254155384529
(64-32-16)_0.1,adam_lr5e-4_wd0,11,"(64, 32, 16)",0.1,0.0005,0.0,0.46004489221070943,0.6914688726676755
(64-32)_0.4,adam_lr2e-3_wd1e-3,11,"(64, 32)",0.4,0.002,0.001,0.4606801051842539,0.6980533296892678
(128-64)_0.0,adam_lr5e-4_wd1e-4,7,"(128, 64)",0.0,0.0005,0.0001,0.46079126575536894,0.6924592120837834
(32-16)_0.2,adam_lr2e-3_wd1e-4,11,"(32, 16)",0.2,0.002,0.0001,0.46081946920930295,0.7044872974458658
(32-16)_0.0,adam_lr1e-3_wd1e-4,7,"(32, 16)",0.0,0.001,0.0001,0.4618211681382698,0.7029402691971073
(32-16)_0.0,adam_lr5e-4_wd1e-4,11,"(32, 16)",0.0,0.0005,0.0001,0.46208602137732924,0.7149095845285546
(128-64)_0.1,adam_lr5e-4_wd1e-4,7,"(128, 64)",0.1,0.0005,0.0001,0.462130724338063,0.6889633673795876
(64-32)_0.1,adam_lr1e-3_wd1e-3,11,"(64, 32)",0.1,0.001,0.001,0.4624357955497608,0.6591675701901194
(64-32-16-8)_0.2,adam_lr2e-3_wd1e-3,7,"(64, 32, 16, 8)",0.2,0.002,0.001,0.4624448680041129,0.7288033415835012
(64-32-16)_0.0,adam_lr5e-4_wd0,7,"(64, 32, 16)",0.0,0.0005,0.0,0.46258004506429035,0.6965060051668942
(256-128)_0.4,adam_lr5e-4_wd0,7,"(256, 128)",0.4,0.0005,0.0,0.4628145088229263,0.6671579669630369
(128-64)_0.0,adam_lr5e-4_wd0,7,"(128, 64)",0.0,0.0005,0.0,0.46303942538144294,0.6679114006014777
(64-32)_0.1,adam_lr2e-3_wd1e-4,7,"(64, 32)",0.1,0.002,0.0001,0.46335801952763606,0.65380406579259
(128-64)_0.0,adam_lr2e-3_wd1e-5,7,"(128, 64)",0.0,0.002,1e-05,0.4635534213300337,0.6676169704090624
(128-64)_0.1,adam_lr5e-4_wd1e-3,7,"(128, 64)",0.1,0.0005,0.001,0.4637497234762761,0.6646681721596807
(32-16)_0.1,adam_lr2e-3_wd1e-4,7,"(32, 16)",0.1,0.002,0.0001,0.4637845806908189,0.6674616992194833
(32-16)_0.2,adam_lr2e-3_wd1e-5,11,"(32, 16)",0.2,0.002,1e-05,0.46380250077498586,0.6803337435483389
(64-32)_0.1,adam_lr2e-3_wd0,7,"(64, 32)",0.1,0.002,0.0,0.46444585971664964,0.6834746259117522
(256-128)_0.4,adam_lr1e-3_wd1e-4,7,"(256, 128)",0.4,0.001,0.0001,0.4644543957291988,0.6450534591789139
(64-32)_0.2,adam_lr1e-3_wd1e-3,7,"(64, 32)",0.2,0.001,0.001,0.46462801778525636,0.6797646628850258
(64-32-16-8)_0.1,adam_lr1e-3_wd1e-3,7,"(64, 32, 16, 8)",0.1,0.001,0.001,0.4648963882212053,0.691861322279068
(64-32-16)_0.0,adam_lr1e-3_wd0,7,"(64, 32, 16)",0.0,0.001,0.0,0.4666225491908559,0.6741257214328948
(32-16)_0.2,adam_lr2e-3_wd1e-3,11,"(32, 16)",0.2,0.002,0.001,0.4666846384081924,0.6995977472119623
(64-32)_0.1,adam_lr5e-4_wd1e-5,7,"(64, 32)",0.1,0.0005,1e-05,0.4672366798969737,0.6764269723217603
(64-32-16)_0.1,adam_lr1e-3_wd1e-4,7,"(64, 32, 16)",0.1,0.001,0.0001,0.46747686779289915,0.6602887216255736
(64-32-16)_0.2,adam_lr1e-3_wd1e-5,11,"(64, 32, 16)",0.2,0.001,1e-05,0.46761124698739304,0.646742655727408
(64-32-16-8)_0.2,adam_lr2e-3_wd0,7,"(64, 32, 16, 8)",0.2,0.002,0.0,0.46849194848746584,0.6809839834738355
(64-32-16-8)_0.1,adam_lr1e-3_wd1e-3,11,"(64, 32, 16, 8)",0.1,0.001,0.001,0.46875507005474026,0.6757603356633215
(64-32-16)_0.2,adam_lr1e-3_wd1e-3,11,"(64, 32, 16)",0.2,0.001,0.001,0.4690032256276984,0.6966100247371013
(64-32-16)_0.0,adam_lr2e-3_wd1e-5,7,"(64, 32, 16)",0.0,0.002,1e-05,0.4690946026852256,0.6517628425866967
(64-32)_0.1,adam_lr5e-4_wd1e-3,11,"(64, 32)",0.1,0.0005,0.001,0.4691447124146579,0.6825504460884212
(64-32)_0.1,adam_lr1e-3_wd1e-3,7,"(64, 32)",0.1,0.001,0.001,0.4692475900315402,0.687872533925521
(64-32-16)_0.0,adam_lr5e-4_wd1e-4,7,"(64, 32, 16)",0.0,0.0005,0.0001,0.4693126762122439,0.6723527893113092
(32-16)_0.1,adam_lr2e-3_wd1e-5,7,"(32, 16)",0.1,0.002,1e-05,0.46940311632658305,0.6848805777377412
(64-32)_0.4,adam_lr2e-3_wd1e-5,11,"(64, 32)",0.4,0.002,1e-05,0.47009126449886124,0.6912290414898591
(64-32-16-8)_0.2,adam_lr2e-3_wd1e-5,7,"(64, 32, 16, 8)",0.2,0.002,1e-05,0.4707864355622676,0.7133660888065314
(256-128)_0.4,adam_lr5e-4_wd1e-5,7,"(256, 128)",0.4,0.0005,1e-05,0.47097495250534593,0.6776874904095442
(128-64)_0.2,adam_lr1e-3_wd1e-5,7,"(128, 64)",0.2,0.001,1e-05,0.4723601780439678,0.6626212426884718
(64-32-16-8)_0.1,adam_lr5e-4_wd0,11,"(64, 32, 16, 8)",0.1,0.0005,0.0,0.4731357714586091,0.6961893967440443
(64-32-16)_0.2,adam_lr1e-3_wd1e-4,7,"(64, 32, 16)",0.2,0.001,0.0001,0.4732290966468945,0.6801833874083005
(32-16)_0.1,adam_lr1e-3_wd1e-5,11,"(32, 16)",0.1,0.001,1e-05,0.4732627826824523,0.6796366213581814
(32-16)_0.0,adam_lr1e-3_wd1e-5,7,"(32, 16)",0.0,0.001,1e-05,0.4735836062514991,0.6772083917584742
(64-32)_0.4,adam_lr2e-3_wd0,11,"(64, 32)",0.4,0.002,0.0,0.47385251312925103,0.7027770830074576
(128-64)_0.1,adam_lr5e-4_wd0,7,"(128, 64)",0.1,0.0005,0.0,0.4738690413926777,0.6718266939361228
(128-64)_0.4,adam_lr5e-4_wd1e-5,11,"(128, 64)",0.4,0.0005,1e-05,0.47461542016581487,0.6831304318757488
(128-64)_0.4,adam_lr1e-3_wd0,7,"(128, 64)",0.4,0.001,0.0,0.47480303362796183,0.6896163298088629
(128-64)_0.4,adam_lr1e-3_wd1e-5,7,"(128, 64)",0.4,0.001,1e-05,0.4751706823968051,0.6892998780775014
(128-64)_0.4,adam_lr1e-3_wd1e-5,11,"(128, 64)",0.4,0.001,1e-05,0.47551889273158293,0.6798614113603582
(32-16)_0.2,adam_lr2e-3_wd0,7,"(32, 16)",0.2,0.002,0.0,0.47591778269985263,0.718224941208799
(64-32)_0.4,adam_lr2e-3_wd1e-4,7,"(64, 32)",0.4,0.002,0.0001,0.47604859711831077,0.7134388508878617
(64-32-16)_0.2,adam_lr1e-3_wd0,11,"(64, 32, 16)",0.2,0.001,0.0,0.47678231356436745,0.6791777325776139
(32-16)_0.2,adam_lr2e-3_wd0,11,"(32, 16)",0.2,0.002,0.0,0.47689957054037796,0.6707485620876744
(64-32-16-8)_0.0,adam_lr5e-4_wd1e-3,7,"(64, 32, 16, 8)",0.0,0.0005,0.001,0.47855559357425625,0.6996559071843246
(32-16)_0.1,adam_lr1e-3_wd1e-4,11,"(32, 16)",0.1,0.001,0.0001,0.478644845778482,0.6925923375785741
(64-32-16-8)_0.0,adam_lr5e-4_wd1e-5,7,"(64, 32, 16, 8)",0.0,0.0005,1e-05,0.4786574401353535,0.6791570031560643
(64-32)_0.0,adam_lr5e-4_wd1e-4,7,"(64, 32)",0.0,0.0005,0.0001,0.47887528047227024,0.6965872245705987
(64-32-16-8)_0.1,adam_lr1e-3_wd1e-5,11,"(64, 32, 16, 8)",0.1,0.001,1e-05,0.47893929899784554,0.658023497592824
(32-16)_0.0,adam_lr5e-4_wd1e-4,7,"(32, 16)",0.0,0.0005,0.0001,0.4794924489238806,0.7262773108348229
(128-64)_0.2,adam_lr5e-4_wd1e-5,11,"(128, 64)",0.2,0.0005,1e-05,0.47951569787242954,0.6585080942946847
(64-32-16)_0.4,adam_lr2e-3_wd1e-5,11,"(64, 32, 16)",0.4,0.002,1e-05,0.47975788409249825,0.7532998760994796
(128-64)_0.4,adam_lr5e-4_wd1e-4,11,"(128, 64)",0.4,0.0005,0.0001,0.47994568787123026,0.7090826125717711
(64-32-16)_0.2,adam_lr2e-3_wd1e-5,7,"(64, 32, 16)",0.2,0.002,1e-05,0.4801047224747507,0.6974453779058121
(64-32)_0.1,adam_lr5e-4_wd0,7,"(64, 32)",0.1,0.0005,0.0,0.48032544265713606,0.7091760779877467
(64-32-16-8)_0.1,adam_lr1e-3_wd1e-4,7,"(64, 32, 16, 8)",0.1,0.001,0.0001,0.48079295743975725,0.6965190071139757
(64-32)_0.2,adam_lr1e-3_wd0,7,"(64, 32)",0.2,0.001,0.0,0.48154515341708537,0.6910933819074336
(32-16)_0.0,adam_lr5e-4_wd1e-5,11,"(32, 16)",0.0,0.0005,1e-05,0.4817727406819661,0.6959635163046519
(32-16)_0.1,adam_lr1e-3_wd0,7,"(32, 16)",0.1,0.001,0.0,0.4825053706503751,0.6831652455716926
(64-32-16-8)_0.1,adam_lr5e-4_wd0,7,"(64, 32, 16, 8)",0.1,0.0005,0.0,0.48313922631113154,0.7123154177781656
(32-16)_0.1,adam_lr1e-3_wd0,11,"(32, 16)",0.1,0.001,0.0,0.4832679231961568,0.6848149469689134
(128-64)_0.4,adam_lr1e-3_wd1e-4,7,"(128, 64)",0.4,0.001,0.0001,0.48411167295355545,0.6624055840524293
(32-16)_0.2,adam_lr1e-3_wd1e-4,11,"(32, 16)",0.2,0.001,0.0001,0.4847434717312194,0.7080625169200759
(64-32-16)_0.4,adam_lr2e-3_wd1e-5,7,"(64, 32, 16)",0.4,0.002,1e-05,0.48605866704070777,0.7262063457623452
(64-32)_0.2,adam_lr5e-4_wd1e-3,11,"(64, 32)",0.2,0.0005,0.001,0.4862798818370752,0.6949507308418418
(64-32)_0.2,adam_lr5e-4_wd0,11,"(64, 32)",0.2,0.0005,0.0,0.4865907911668744,0.6905166769171684
(32-16)_0.2,adam_lr2e-3_wd1e-3,7,"(32, 16)",0.2,0.002,0.001,0.4874099942675808,0.6986011011117994
(128-64)_0.4,adam_lr1e-3_wd1e-3,7,"(128, 64)",0.4,0.001,0.001,0.48753731606299416,0.6899449907109562
(64-32)_0.2,adam_lr5e-4_wd1e-5,11,"(64, 32)",0.2,0.0005,1e-05,0.48829089340410736,0.689102371741129
(32-16)_0.2,adam_lr1e-3_wd0,11,"(32, 16)",0.2,0.001,0.0,0.488470969492929,0.7057737693276719
(64-32)_0.1,adam_lr5e-4_wd1e-3,7,"(64, 32)",0.1,0.0005,0.001,0.48901211378867165,0.6915609056991804
(32-16)_0.0,adam_lr5e-4_wd1e-3,11,"(32, 16)",0.0,0.0005,0.001,0.4893037906864233,0.7345931887381623
(64-32-16)_0.1,adam_lr5e-4_wd1e-5,7,"(64, 32, 16)",0.1,0.0005,1e-05,0.4898794973105715,0.7035813675904952
(64-32)_0.4,adam_lr2e-3_wd1e-3,7,"(64, 32)",0.4,0.002,0.001,0.49367566798862655,0.7117472211671932
(128-64)_0.4,adam_lr5e-4_wd0,11,"(128, 64)",0.4,0.0005,0.0,0.49401787812249703,0.6965161749463221
(64-32-16)_0.4,adam_lr2e-3_wd1e-3,11,"(64, 32, 16)",0.4,0.002,0.001,0.495056270507344,0.7403150526103527
(64-32-16)_0.1,adam_lr5e-4_wd1e-3,7,"(64, 32, 16)",0.1,0.0005,0.001,0.4950644384350693,0.700209696751909
(64-32)_0.2,adam_lr1e-3_wd1e-4,7,"(64, 32)",0.2,0.001,0.0001,0.4960378648941977,0.6840227592514473
(64-32-16-8)_0.2,adam_lr1e-3_wd1e-5,7,"(64, 32, 16, 8)",0.2,0.001,1e-05,0.49620938301086426,0.7420589445674051
(32-16)_0.2,adam_lr2e-3_wd1e-5,7,"(32, 16)",0.2,0.002,1e-05,0.49640435816948875,0.7075205824743425
(64-32)_0.2,adam_lr1e-3_wd1e-5,7,"(64, 32)",0.2,0.001,1e-05,0.4968147633368509,0.6828299657083047
(64-32)_0.4,adam_lr1e-3_wd1e-5,11,"(64, 32)",0.4,0.001,1e-05,0.49897564398614985,0.711202766442773
(32-16)_0.4,adam_lr2e-3_wd1e-4,11,"(32, 16)",0.4,0.002,0.0001,0.4990373504789252,0.7518009390641281
(64-32-16-8)_0.1,adam_lr5e-4_wd1e-3,11,"(64, 32, 16, 8)",0.1,0.0005,0.001,0.4999050414353086,0.6636954482917204
(64-32)_0.4,adam_lr2e-3_wd0,7,"(64, 32)",0.4,0.002,0.0,0.5009192238774216,0.697149708034535
(64-32-16-8)_0.2,adam_lr1e-3_wd1e-4,11,"(64, 32, 16, 8)",0.2,0.001,0.0001,0.5013592807870162,0.7144925673024473
(64-32)_0.1,adam_lr5e-4_wd0,11,"(64, 32)",0.1,0.0005,0.0,0.501441216259672,0.6924208305159422
(64-32-16)_0.2,adam_lr1e-3_wd1e-4,11,"(64, 32, 16)",0.2,0.001,0.0001,0.5020467649426377,0.6771078089157059
(32-16)_0.2,adam_lr2e-3_wd1e-4,7,"(32, 16)",0.2,0.002,0.0001,0.5022301621604384,0.7030125433143527
(64-32)_0.4,adam_lr2e-3_wd1e-5,7,"(64, 32)",0.4,0.002,1e-05,0.5034980836667513,0.7023704667260282
(64-32-16-8)_0.2,adam_lr1e-3_wd1e-3,11,"(64, 32, 16, 8)",0.2,0.001,0.001,0.5037605668369093,0.7545450156934632
(64-32)_0.4,adam_lr1e-3_wd1e-4,11,"(64, 32)",0.4,0.001,0.0001,0.5046894644436083,0.7196251140635619
(64-32)_0.2,adam_lr5e-4_wd1e-3,7,"(64, 32)",0.2,0.0005,0.001,0.5049486212563097,0.7128505293366474
(128-64)_0.4,adam_lr5e-4_wd1e-4,7,"(128, 64)",0.4,0.0005,0.0001,0.5051287203504328,0.6999390167570712
(64-32-16-8)_0.1,adam_lr1e-3_wd1e-5,7,"(64, 32, 16, 8)",0.1,0.001,1e-05,0.5054746301550614,0.7456861904606392
(128-64)_0.4,adam_lr5e-4_wd1e-3,7,"(128, 64)",0.4,0.0005,0.001,0.5057205955187479,0.6904872036356396
(64-32-16-8)_0.1,adam_lr5e-4_wd1e-3,7,"(64, 32, 16, 8)",0.1,0.0005,0.001,0.5060135586219922,0.6997022441988571
(64-32-16-8)_0.1,adam_lr5e-4_wd1e-5,7,"(64, 32, 16, 8)",0.1,0.0005,1e-05,0.5067090590794882,0.7055535838840246
(64-32-16)_0.2,adam_lr1e-3_wd0,7,"(64, 32, 16)",0.2,0.001,0.0,0.5067450749246698,0.6785074797116557
(64-32-16-8)_0.2,adam_lr1e-3_wd1e-4,7,"(64, 32, 16, 8)",0.2,0.001,0.0001,0.5077435259233442,0.7178329404297021
(32-16)_0.1,adam_lr1e-3_wd1e-3,7,"(32, 16)",0.1,0.001,0.001,0.5082400315686276,0.7208521858147426
(64-32-16)_0.2,adam_lr5e-4_wd1e-4,11,"(64, 32, 16)",0.2,0.0005,0.0001,0.5085671659101519,0.7168149514026686
(64-32-16-8)_0.1,adam_lr5e-4_wd1e-5,11,"(64, 32, 16, 8)",0.1,0.0005,1e-05,0.5088561595531932,0.6863360703536032
(128-64)_0.4,adam_lr5e-4_wd0,7,"(128, 64)",0.4,0.0005,0.0,0.5090240261010957,0.6970518881707292
(64-32-16)_0.2,adam_lr5e-4_wd1e-3,11,"(64, 32, 16)",0.2,0.0005,0.001,0.5093909533400285,0.7084701535623291
(32-16)_0.1,adam_lr1e-3_wd1e-3,11,"(32, 16)",0.1,0.001,0.001,0.5096661866756907,0.705428998298209
(32-16)_0.1,adam_lr1e-3_wd1e-4,7,"(32, 16)",0.1,0.001,0.0001,0.5105894783086944,0.7167990163972898
(64-32-16)_0.4,adam_lr2e-3_wd1e-3,7,"(64, 32, 16)",0.4,0.002,0.001,0.5106456572549385,0.7535998366901311
(64-32-16-8)_0.1,adam_lr5e-4_wd1e-4,11,"(64, 32, 16, 8)",0.1,0.0005,0.0001,0.5142866373062134,0.7130578900537582
(32-16)_0.0,adam_lr5e-4_wd1e-5,7,"(32, 16)",0.0,0.0005,1e-05,0.5143227639951204,0.7141304123907317
(64-32-16)_0.4,adam_lr2e-3_wd1e-4,7,"(64, 32, 16)",0.4,0.002,0.0001,0.5148307085037231,0.7593516154569747
(64-32)_0.4,adam_lr1e-3_wd1e-3,11,"(64, 32)",0.4,0.001,0.001,0.5152178709967095,0.7203842070549283
(128-64)_0.4,adam_lr5e-4_wd1e-3,11,"(128, 64)",0.4,0.0005,0.001,0.5152952535110608,0.6909229168089835
(64-32)_0.2,adam_lr5e-4_wd1e-4,11,"(64, 32)",0.2,0.0005,0.0001,0.5155914038942572,0.713760430252454
(64-32)_0.2,adam_lr5e-4_wd1e-5,7,"(64, 32)",0.2,0.0005,1e-05,0.5155981590873316,0.7210387736405507
(32-16)_0.2,adam_lr1e-3_wd0,7,"(32, 16)",0.2,0.001,0.0,0.519782400967782,0.7110006695280421
(64-32-16)_0.2,adam_lr1e-3_wd1e-5,7,"(64, 32, 16)",0.2,0.001,1e-05,0.520592258687605,0.6909509395129231
(64-32-16)_0.1,adam_lr5e-4_wd1e-4,11,"(64, 32, 16)",0.1,0.0005,0.0001,0.5209183682475174,0.6954410935362133
(64-32-16)_0.1,adam_lr5e-4_wd1e-3,11,"(64, 32, 16)",0.1,0.0005,0.001,0.5210538454223097,0.6741038719122366
(32-16)_0.1,adam_lr1e-3_wd1e-5,7,"(32, 16)",0.1,0.001,1e-05,0.5234031928213019,0.7058641894636102
(64-32)_0.2,adam_lr5e-4_wd1e-4,7,"(64, 32)",0.2,0.0005,0.0001,0.5248436216722455,0.705755169248316
(64-32-16)_0.4,adam_lr1e-3_wd1e-5,11,"(64, 32, 16)",0.4,0.001,1e-05,0.526376630130567,0.7405721646632374
(64-32)_0.2,adam_lr5e-4_wd0,7,"(64, 32)",0.2,0.0005,0.0,0.5309364523803979,0.7040078404476712
(64-32-16)_0.1,adam_lr5e-4_wd0,7,"(64, 32, 16)",0.1,0.0005,0.0,0.5311664761158458,0.7017188118872218
(64-32-16)_0.2,adam_lr5e-4_wd0,11,"(64, 32, 16)",0.2,0.0005,0.0,0.5320387189848381,0.7430420177348896
(64-32-16)_0.2,adam_lr1e-3_wd1e-3,7,"(64, 32, 16)",0.2,0.001,0.001,0.5339885876889814,0.7081596209472982
(64-32-16-8)_0.2,adam_lr1e-3_wd1e-3,7,"(64, 32, 16, 8)",0.2,0.001,0.001,0.5359047348039192,0.7338718539814342
(32-16)_0.1,adam_lr5e-4_wd0,11,"(32, 16)",0.1,0.0005,0.0,0.5372598422201056,0.7438155308106676
(64-32-16)_0.4,adam_lr1e-3_wd1e-5,7,"(64, 32, 16)",0.4,0.001,1e-05,0.5378369417106896,0.7455657775503431
(64-32-16-8)_0.2,adam_lr1e-3_wd1e-5,11,"(64, 32, 16, 8)",0.2,0.001,1e-05,0.538790480086678,0.7348470726798909
(64-32-16)_0.4,adam_lr2e-3_wd0,7,"(64, 32, 16)",0.4,0.002,0.0,0.5388758600803844,0.7275258497914572
(64-32)_0.4,adam_lr5e-4_wd0,7,"(64, 32)",0.4,0.0005,0.0,0.5389015089001572,0.745291847775284
(32-16)_0.0,adam_lr5e-4_wd1e-3,7,"(32, 16)",0.0,0.0005,0.001,0.5390084197646693,0.7087916209160898
(64-32-16-8)_0.2,adam_lr1e-3_wd0,11,"(64, 32, 16, 8)",0.2,0.001,0.0,0.5392782353518302,0.7037383352107306
(32-16)_0.2,adam_lr1e-3_wd1e-3,7,"(32, 16)",0.2,0.001,0.001,0.5399772148383292,0.7255739600240875
(32-16)_0.1,adam_lr5e-4_wd1e-5,11,"(32, 16)",0.1,0.0005,1e-05,0.5406391003675628,0.7496281973824844
(64-32-16)_0.4,adam_lr1e-3_wd1e-4,11,"(64, 32, 16)",0.4,0.001,0.0001,0.5418413783374586,0.7788586394727857
(64-32)_0.4,adam_lr1e-3_wd1e-3,7,"(64, 32)",0.4,0.001,0.001,0.5419884648239404,0.7197052483088796
(32-16)_0.0,adam_lr5e-4_wd0,7,"(32, 16)",0.0,0.0005,0.0,0.5429988587111757,0.7238690454960252
(64-32-16)_0.2,adam_lr5e-4_wd1e-3,7,"(64, 32, 16)",0.2,0.0005,0.001,0.5434935166124713,0.7296316455943297
(64-32-16)_0.2,adam_lr5e-4_wd1e-4,7,"(64, 32, 16)",0.2,0.0005,0.0001,0.5437736051124439,0.7313669103458638
(64-32-16)_0.2,adam_lr5e-4_wd0,7,"(64, 32, 16)",0.2,0.0005,0.0,0.5445708768409595,0.7136681026510553
(128-64)_0.4,adam_lr5e-4_wd1e-5,7,"(128, 64)",0.4,0.0005,1e-05,0.5446428186015079,0.7064307641620486
(64-32)_0.4,adam_lr1e-3_wd1e-4,7,"(64, 32)",0.4,0.001,0.0001,0.545042314027485,0.7233901077209463
(32-16)_0.2,adam_lr1e-3_wd1e-5,11,"(32, 16)",0.2,0.001,1e-05,0.5455169531337002,0.7493871997997036
(64-32)_0.4,adam_lr5e-4_wd1e-4,11,"(64, 32)",0.4,0.0005,0.0001,0.5468841812066865,0.7489021264877301
(32-16)_0.4,adam_lr2e-3_wd1e-5,11,"(32, 16)",0.4,0.002,1e-05,0.5476286243974117,0.7469665857725718
(64-32-16)_0.2,adam_lr5e-4_wd1e-5,11,"(64, 32, 16)",0.2,0.0005,1e-05,0.5480889500233165,0.7051115729865617
(32-16)_0.1,adam_lr5e-4_wd1e-3,7,"(32, 16)",0.1,0.0005,0.001,0.5489589007277238,0.7213512377284559
(64-32)_0.4,adam_lr5e-4_wd1e-3,11,"(64, 32)",0.4,0.0005,0.001,0.5497549291242633,0.7518483991624517
(32-16)_0.2,adam_lr5e-4_wd0,7,"(32, 16)",0.2,0.0005,0.0,0.550220393297965,0.7397427971961182
(64-32-16)_0.2,adam_lr5e-4_wd1e-5,7,"(64, 32, 16)",0.2,0.0005,1e-05,0.5509539215188277,0.7236093248824917
(64-32-16-8)_0.1,adam_lr5e-4_wd1e-4,7,"(64, 32, 16, 8)",0.1,0.0005,0.0001,0.5527062405619705,0.7248586689198578
(64-32)_0.4,adam_lr1e-3_wd0,7,"(64, 32)",0.4,0.001,0.0,0.5534785557211491,0.729828919331243
(32-16)_0.2,adam_lr5e-4_wd1e-3,11,"(32, 16)",0.2,0.0005,0.001,0.554449620999788,0.7581149637698397
(32-16)_0.2,adam_lr5e-4_wd1e-5,11,"(32, 16)",0.2,0.0005,1e-05,0.5548198432253119,0.7486212368538196
(32-16)_0.2,adam_lr1e-3_wd1e-4,7,"(32, 16)",0.2,0.001,0.0001,0.5554595694207308,0.7205474192691884
(64-32)_0.4,adam_lr1e-3_wd0,11,"(64, 32)",0.4,0.001,0.0,0.5555269299891957,0.7157164300699601
(32-16)_0.1,adam_lr5e-4_wd1e-5,7,"(32, 16)",0.1,0.0005,1e-05,0.5555968075467829,0.7521289832183239
(64-32-16-8)_0.2,adam_lr5e-4_wd1e-5,11,"(64, 32, 16, 8)",0.2,0.0005,1e-05,0.5557825648993776,0.7391697113401728
(64-32-16-8)_0.2,adam_lr5e-4_wd1e-3,11,"(64, 32, 16, 8)",0.2,0.0005,0.001,0.5561776338962087,0.7587233868405884
(32-16)_0.1,adam_lr5e-4_wd1e-3,11,"(32, 16)",0.1,0.0005,0.001,0.5563954219483492,0.734878667625986
(32-16)_0.2,adam_lr1e-3_wd1e-3,11,"(32, 16)",0.2,0.001,0.001,0.5563983593070716,0.7569967967503441
(64-32)_0.4,adam_lr5e-4_wd0,11,"(64, 32)",0.4,0.0005,0.0,0.5570000514649508,0.7694869632138749
(32-16)_0.1,adam_lr5e-4_wd0,7,"(32, 16)",0.1,0.0005,0.0,0.5586263987055996,0.7505212796683957
(64-32-16-8)_0.4,adam_lr2e-3_wd1e-5,11,"(64, 32, 16, 8)",0.4,0.002,1e-05,0.5597363595376935,0.7990384655136877
(32-16)_0.4,adam_lr2e-3_wd1e-3,11,"(32, 16)",0.4,0.002,0.001,0.5645712133039508,0.7708983701321265
(32-16)_0.4,adam_lr2e-3_wd1e-5,7,"(32, 16)",0.4,0.002,1e-05,0.5655443992531091,0.7753403206670046
(64-32-16)_0.4,adam_lr1e-3_wd0,7,"(64, 32, 16)",0.4,0.001,0.0,0.5674742021058735,0.7458411998270614
(64-32-16)_0.4,adam_lr1e-3_wd1e-3,11,"(64, 32, 16)",0.4,0.001,0.001,0.5685557419793648,0.7740971616506673
(64-32)_0.4,adam_lr1e-3_wd1e-5,7,"(64, 32)",0.4,0.001,1e-05,0.5732685766722027,0.7262066412385261
(32-16)_0.4,adam_lr2e-3_wd0,7,"(32, 16)",0.4,0.002,0.0,0.5749925740978175,0.7408862598424399
(64-32-16)_0.4,adam_lr1e-3_wd1e-4,7,"(64, 32, 16)",0.4,0.001,0.0001,0.5754712464516623,0.7730431547791332
(64-32-16-8)_0.2,adam_lr5e-4_wd0,11,"(64, 32, 16, 8)",0.2,0.0005,0.0,0.5780027330967418,0.7615183544756046
(64-32-16)_0.4,adam_lr1e-3_wd0,11,"(64, 32, 16)",0.4,0.001,0.0,0.5781696438789368,0.775792943239245
(32-16)_0.4,adam_lr2e-3_wd1e-4,7,"(32, 16)",0.4,0.002,0.0001,0.5785411711324725,0.782201604378199
(32-16)_0.2,adam_lr1e-3_wd1e-5,7,"(32, 16)",0.2,0.001,1e-05,0.5798988405026888,0.7499824266171669
(64-32-16-8)_0.4,adam_lr2e-3_wd0,7,"(64, 32, 16, 8)",0.4,0.002,0.0,0.5813514234726889,0.8039306408046258
(64-32)_0.4,adam_lr5e-4_wd1e-5,11,"(64, 32)",0.4,0.0005,1e-05,0.5834478349016424,0.7649006721710897
(64-32-16-8)_0.2,adam_lr5e-4_wd1e-5,7,"(64, 32, 16, 8)",0.2,0.0005,1e-05,0.5846537748972574,0.748260155849166
(32-16)_0.2,adam_lr5e-4_wd1e-5,7,"(32, 16)",0.2,0.0005,1e-05,0.5851097169675326,0.7378351738811385
(64-32)_0.4,adam_lr5e-4_wd1e-5,7,"(64, 32)",0.4,0.0005,1e-05,0.5853688152212846,0.7469743765577258
(64-32-16-8)_0.2,adam_lr5e-4_wd1e-4,7,"(64, 32, 16, 8)",0.2,0.0005,0.0001,0.5875710008437174,0.7719784967231816
(32-16)_0.1,adam_lr5e-4_wd1e-4,7,"(32, 16)",0.1,0.0005,0.0001,0.588011318131497,0.7726911077016625
(64-32-16-8)_0.2,adam_lr5e-4_wd1e-4,11,"(64, 32, 16, 8)",0.2,0.0005,0.0001,0.5909614552531326,0.7762517355157202
(64-32-16-8)_0.2,adam_lr5e-4_wd1e-3,7,"(64, 32, 16, 8)",0.2,0.0005,0.001,0.5920567062863132,0.7680998468965249
(64-32-16-8)_0.4,adam_lr2e-3_wd1e-4,7,"(64, 32, 16, 8)",0.4,0.002,0.0001,0.5922626486995763,0.7804271461284837
(32-16)_0.4,adam_lr1e-3_wd1e-3,11,"(32, 16)",0.4,0.001,0.001,0.594575518055966,0.7887976268776558
(32-16)_0.2,adam_lr5e-4_wd1e-3,7,"(32, 16)",0.2,0.0005,0.001,0.5948432370236045,0.7618986011420731
(32-16)_0.4,adam_lr2e-3_wd0,11,"(32, 16)",0.4,0.002,0.0,0.5980249925663597,0.7638186690046568
(64-32-16-8)_0.4,adam_lr2e-3_wd0,11,"(64, 32, 16, 8)",0.4,0.002,0.0,0.5981919953697606,0.8019995109072073
(32-16)_0.1,adam_lr5e-4_wd1e-4,11,"(32, 16)",0.1,0.0005,0.0001,0.5994924620578164,0.7599263282308568
(64-32-16-8)_0.4,adam_lr1e-3_wd1e-4,11,"(64, 32, 16, 8)",0.4,0.001,0.0001,0.5999531902764973,0.8312148534122797
(64-32)_0.4,adam_lr5e-4_wd1e-4,7,"(64, 32)",0.4,0.0005,0.0001,0.6077691463001987,0.7646327222007417
(64-32-16)_0.4,adam_lr1e-3_wd1e-3,7,"(64, 32, 16)",0.4,0.001,0.001,0.611677977076748,0.7922655165150875
(32-16)_0.2,adam_lr5e-4_wd1e-4,11,"(32, 16)",0.2,0.0005,0.0001,0.6118144643934149,0.7943359892429548
(64-32-16-8)_0.4,adam_lr2e-3_wd1e-3,11,"(64, 32, 16, 8)",0.4,0.002,0.001,0.6145170477398655,0.8363926971522091
(64-32-16-8)_0.2,adam_lr5e-4_wd0,7,"(64, 32, 16, 8)",0.2,0.0005,0.0,0.6157331320277432,0.7770658440086753
(64-32)_0.4,adam_lr5e-4_wd1e-3,7,"(64, 32)",0.4,0.0005,0.001,0.6159145026876215,0.781141275552763
(32-16)_0.2,adam_lr5e-4_wd0,11,"(32, 16)",0.2,0.0005,0.0,0.6178084277270133,0.7835131104031998
(64-32-16-8)_0.4,adam_lr2e-3_wd1e-4,11,"(64, 32, 16, 8)",0.4,0.002,0.0001,0.6282894778669926,0.8293765608060212
(32-16)_0.4,adam_lr1e-3_wd1e-5,11,"(32, 16)",0.4,0.001,1e-05,0.6332538692574752,0.802716464891371
(64-32-16-8)_0.4,adam_lr2e-3_wd1e-5,7,"(64, 32, 16, 8)",0.4,0.002,1e-05,0.6379116083446302,0.8303467713978785
(32-16)_0.2,adam_lr5e-4_wd1e-4,7,"(32, 16)",0.2,0.0005,0.0001,0.6479804620408175,0.8132262667916366
(32-16)_0.4,adam_lr2e-3_wd1e-3,7,"(32, 16)",0.4,0.002,0.001,0.6480750818001596,0.8009486985926246
(64-32-16-8)_0.2,adam_lr1e-3_wd0,7,"(64, 32, 16, 8)",0.2,0.001,0.0,0.6521835588572318,0.794768978020181
(64-32-16-8)_0.4,adam_lr1e-3_wd1e-4,7,"(64, 32, 16, 8)",0.4,0.001,0.0001,0.6531122128168741,0.824312510287448
(64-32-16-8)_0.4,adam_lr1e-3_wd1e-5,11,"(64, 32, 16, 8)",0.4,0.001,1e-05,0.6542355449576127,0.811889711398593
(32-16)_0.4,adam_lr1e-3_wd1e-4,7,"(32, 16)",0.4,0.001,0.0001,0.6545813167304323,0.81662499402003
(64-32-16)_0.4,adam_lr5e-4_wd1e-4,7,"(64, 32, 16)",0.4,0.0005,0.0001,0.6550451213853401,0.8068616914928284
(64-32-16-8)_0.4,adam_lr2e-3_wd1e-3,7,"(64, 32, 16, 8)",0.4,0.002,0.001,0.6556633961828131,0.8340979702766871
(64-32-16)_0.4,adam_lr5e-4_wd1e-4,11,"(64, 32, 16)",0.4,0.0005,0.0001,0.6588164484291746,0.815313425115849
(64-32-16)_0.4,adam_lr5e-4_wd0,7,"(64, 32, 16)",0.4,0.0005,0.0,0.6647761882397166,0.8081377868323134
(32-16)_0.4,adam_lr1e-3_wd0,7,"(32, 16)",0.4,0.001,0.0,0.6693435719138697,0.8087047261178891
(64-32-16)_0.4,adam_lr5e-4_wd1e-3,11,"(64, 32, 16)",0.4,0.0005,0.001,0.6793106051913479,0.8368098593307987
(32-16)_0.4,adam_lr1e-3_wd1e-4,11,"(32, 16)",0.4,0.001,0.0001,0.6891222083777712,0.8616570448782669
(64-32-16)_0.4,adam_lr5e-4_wd0,11,"(64, 32, 16)",0.4,0.0005,0.0,0.6895383324539452,0.8429947530545888
(32-16)_0.4,adam_lr1e-3_wd1e-5,7,"(32, 16)",0.4,0.001,1e-05,0.6910398278320045,0.8174232470134848
(64-32-16)_0.4,adam_lr5e-4_wd1e-5,7,"(64, 32, 16)",0.4,0.0005,1e-05,0.6957427859306335,0.8277435341050087
(32-16)_0.4,adam_lr5e-4_wd1e-5,7,"(32, 16)",0.4,0.0005,1e-05,0.7010983667875591,0.8573225984151063
(64-32-16-8)_0.4,adam_lr1e-3_wd1e-3,7,"(64, 32, 16, 8)",0.4,0.001,0.001,0.7022337338380646,0.8789935085453932
(64-32-16)_0.4,adam_lr5e-4_wd1e-5,11,"(64, 32, 16)",0.4,0.0005,1e-05,0.704831039696409,0.8575403274301632
(64-32-16-8)_0.4,adam_lr1e-3_wd0,11,"(64, 32, 16, 8)",0.4,0.001,0.0,0.7080938878812288,0.8913480606742307
(32-16)_0.4,adam_lr1e-3_wd0,11,"(32, 16)",0.4,0.001,0.0,0.7135066525977954,0.8351829530435354
(32-16)_0.4,adam_lr5e-4_wd0,7,"(32, 16)",0.4,0.0005,0.0,0.733140302331824,0.8505123036671547
(32-16)_0.4,adam_lr5e-4_wd1e-5,11,"(32, 16)",0.4,0.0005,1e-05,0.7428275012133414,0.8747766416991877
(64-32-16)_0.4,adam_lr5e-4_wd1e-3,7,"(64, 32, 16)",0.4,0.0005,0.001,0.7483055016450715,0.840441558648901
(64-32-16-8)_0.4,adam_lr1e-3_wd0,7,"(64, 32, 16, 8)",0.4,0.001,0.0,0.7497127192062244,0.9010288488155918
(32-16)_0.4,adam_lr1e-3_wd1e-3,7,"(32, 16)",0.4,0.001,0.001,0.7584003994339391,0.8596454387832718
(64-32-16-8)_0.4,adam_lr5e-4_wd1e-4,11,"(64, 32, 16, 8)",0.4,0.0005,0.0001,0.7605638734081335,0.9211024643552287
(64-32-16-8)_0.4,adam_lr5e-4_wd1e-3,11,"(64, 32, 16, 8)",0.4,0.0005,0.001,0.7650978397904781,0.920330742784511
(64-32-16-8)_0.4,adam_lr1e-3_wd1e-3,11,"(64, 32, 16, 8)",0.4,0.001,0.001,0.7813345946763691,0.9070578281777263
(32-16)_0.4,adam_lr5e-4_wd1e-4,7,"(32, 16)",0.4,0.0005,0.0001,0.7851834129868892,0.8936776020236838
(64-32-16-8)_0.4,adam_lr5e-4_wd1e-4,7,"(64, 32, 16, 8)",0.4,0.0005,0.0001,0.7892267379844398,0.9360021315379026
(32-16)_0.4,adam_lr5e-4_wd1e-3,7,"(32, 16)",0.4,0.0005,0.001,0.7921666241528695,0.8902769099579484
(64-32-16-8)_0.4,adam_lr5e-4_wd0,7,"(64, 32, 16, 8)",0.4,0.0005,0.0,0.8058658733702543,0.9074209860720751
(32-16)_0.4,adam_lr5e-4_wd0,11,"(32, 16)",0.4,0.0005,0.0,0.817248424939942,0.9202747179243378
(64-32-16-8)_0.4,adam_lr5e-4_wd1e-5,11,"(64, 32, 16, 8)",0.4,0.0005,1e-05,0.8179433816357663,0.9288180661164339
(64-32-16-8)_0.4,adam_lr1e-3_wd1e-5,7,"(64, 32, 16, 8)",0.4,0.001,1e-05,0.8244251441537288,0.9518969963407433
(64-32-16-8)_0.4,adam_lr5e-4_wd1e-5,7,"(64, 32, 16, 8)",0.4,0.0005,1e-05,0.8387671238497684,0.9490418350327628
(32-16)_0.4,adam_lr5e-4_wd1e-4,11,"(32, 16)",0.4,0.0005,0.0001,0.8476858316806325,0.9167025920301536
(32-16)_0.4,adam_lr5e-4_wd1e-3,11,"(32, 16)",0.4,0.0005,0.001,0.854665548132177,0.9278936530288567
(64-32-16-8)_0.4,adam_lr5e-4_wd1e-3,7,"(64, 32, 16, 8)",0.4,0.0005,0.001,0.9110175758077387,0.9660178029006924
(64-32-16-8)_0.4,adam_lr5e-4_wd0,11,"(64, 32, 16, 8)",0.4,0.0005,0.0,1.0618146176923786,1.0793117800992607
