SMILES,MolWt,LogP,TPSA,RotB,AroProp
ClCC(Cl)(Cl)Cl,167.85,2.5954000000000006,0.0,0,0.0
CC(Cl)(Cl)Cl,133.405,2.376500000000001,0.0,0,0.0
ClC(Cl)C(Cl)Cl,167.85,2.5938,0.0,1,0.0
ClCC(Cl)Cl,133.405,2.0289,0.0,1,0.0
FC(F)(Cl)C(F)(Cl)Cl,187.37500000000003,2.9189,0.0,1,0.0
CC(Cl)Cl,98.96,1.81,0.0,0,0.0
ClC(=C)Cl,96.944,1.9352,0.0,0,0.0
CCOC(C)OCC,118.176,1.4054,18.46,4,0.0
Clc1ccc(Cl)c(Cl)c1Cl,215.894,4.3002,0.0,0,0.6
C1CCc2ccccc2C1,132.20599999999996,2.5654000000000003,0.0,0,0.6
Clc1cc(Cl)c(Cl)c(Cl)c1,215.894,4.3002,0.0,0,0.6
Clc1cccc(Cl)c1Cl,181.449,3.6468000000000007,0.0,0,0.6666666666666666
Cc1cccc(C)c1C,120.195,2.611860000000001,0.0,0,0.6666666666666666
Brc1cc(Br)c(Br)cc1Br,393.698,4.7366,0.0,0,0.6
Clc1cc(Cl)c(Cl)cc1Cl,215.894,4.3002,0.0,0,0.6
Cc1cc(C)c(C)cc1C,134.22199999999998,2.9202800000000018,0.0,0,0.6
c1(Br)c(Br)cc(Br)cc1,314.802,3.974100000000001,0.0,0,0.6666666666666666
Clc1ccc(Cl)c(Cl)c1,181.449,3.6468000000000007,0.0,0,0.6666666666666666
Cc1ccc(C)c(C)c1,120.195,2.611860000000001,0.0,0,0.6666666666666666
Oc1ccccc1O,110.11199999999998,1.0978,40.46,0,0.75
Brc1ccccc1Br,235.906,3.2116000000000007,0.0,0,0.75
BrCCBr,187.862,1.7762,0.0,1,0.0
Clc1ccccc1Cl,147.00399999999996,2.9934000000000003,0.0,0,0.75
ClCCCl,98.96,1.464,0.0,1,0.0
CC(Cl)CCl,112.987,1.8525,0.0,1,0.0
FC(F)(Cl)C(F)(F)Cl,170.92000000000002,2.6495999999999995,0.0,1,0.0
CCOCCOCC,118.176,1.0594,18.46,5,0.0
CCc1ccccc1CC,134.22199999999998,2.811400000000001,0.0,2,0.6
O=N(=O)c1ccccc1N(=O)=O,168.10799999999995,1.503,86.28,2,0.5
CC1CO1,58.08,0.4051,12.53,0,0.0
Brc1cc(Br)cc(Br)c1,314.802,3.974100000000001,0.0,0,0.6666666666666666
Clc1cc(Cl)cc(Cl)c1,181.449,3.6468000000000007,0.0,0,0.6666666666666666
Cc1cc(C)cc(C)c1,120.19499999999998,2.611860000000001,0.0,0,0.6666666666666666
O=N(=O)c1cc(cc(c1)N(=O)=O)N(=O)=O,213.10499999999996,1.4112,129.42000000000002,3,0.4
Oc1cccc(O)c1,110.11199999999998,1.0978,40.46,0,0.75
C=CC=C,54.09199999999999,1.3584,0.0,1,0.0
Brc1cccc(Br)c1,235.906,3.2116000000000007,0.0,0,0.75
Clc1cccc(Cl)c1,147.004,2.993400000000001,0.0,0,0.75
ClCCCCl,112.987,1.8541,0.0,2,0.0
CCNC(=S)NCC,132.232,0.4903,24.06,2,0.0
Fc1cccc(F)c1,114.094,1.9648,0.0,0,0.75
Cc1cc(C)c2ccccc2c1,156.22799999999998,3.456640000000002,0.0,0,0.8333333333333334
O=N(=O)c1cccc(c1)N(=O)=O,168.10799999999995,1.503,86.28,2,0.5
Oc1ccc(O)cc1,110.11199999999998,1.0978,40.46,0,0.75
C1C=CCC=C1,80.12999999999998,1.8926,0.0,0,0.0
Brc1ccc(Br)cc1,235.906,3.2116000000000007,0.0,0,0.75
Clc1ccc(Cl)cc1,147.00400000000002,2.993400000000001,0.0,0,0.75
CCc1ccc(CC)cc1,134.22199999999998,2.811400000000001,0.0,2,0.6
Fc1ccc(F)cc1,114.094,1.9648,0.0,0,0.75
Cc1ccc(C)c2ccccc12,156.228,3.456640000000002,0.0,0,0.8333333333333334
O=N(=O)c1ccc(cc1)N(=O)=O,168.10799999999995,1.503,86.28,2,0.5
C=CCC=C,68.119,1.7485,0.0,2,0.0
Cc1cccc2c(C)cccc12,156.228,3.456640000000002,0.0,0,0.8333333333333334
C=CCCC=C,82.14599999999999,2.1386000000000003,0.0,3,0.0
c1cnc2c(c1)ccc3ncccc23,180.21,2.7830000000000004,25.78,0,1.0
CC12CCC(CC1)C(C)(C)O2,154.253,2.7441000000000013,9.23,0,0.0
CC1(O)CCC2C3CCC4=CC(=O)CCC4(C)C3CCC21C,302.4580000000001,4.269300000000004,37.3,0,0.0
Nc2cccc3nc1ccccc1cc23 ,194.237,2.970200000000001,38.91,0,0.9333333333333332
CC(C)CBr,137.01999999999998,2.0373,0.0,1,0.0
CCCCBr,137.01999999999998,2.1814,0.0,2,0.0
CCCCCCCBr,179.101,3.351700000000002,0.0,5,0.0
CCCCCCBr,165.074,2.9616000000000016,0.0,4,0.0
Brc1cccc2ccccc12,207.07,3.6023000000000014,0.0,0,0.9090909090909092
CCCCCCCCBr,193.128,3.741800000000003,0.0,6,0.0
CCCCCBr,151.047,2.5715000000000012,0.0,3,0.0
CCCBr,122.993,1.7913,0.0,1,0.0
CCCCO,74.12299999999999,0.7787999999999999,20.23,2,0.0
CCC=C,56.108,1.5824,0.0,1,0.0
CCC#C,54.09199999999999,1.0295999999999998,0.0,0,0.0
ClCCBr,143.411,1.6201,0.0,1,0.0
ClCC(C)C,92.569,1.8812,0.0,1,0.0
CCCCCl,92.569,2.0253,0.0,2,0.0
CCCCCCCCl,134.65,3.1956000000000016,0.0,5,0.0
CCCCCCCl,120.623,2.805500000000001,0.0,4,0.0
Clc1cccc2ccccc12,162.61899999999997,3.4932000000000016,0.0,0,0.9090909090909092
CCCCCCl,106.596,2.415400000000001,0.0,3,0.0
CCCCl,78.542,1.6352,0.0,1,0.0
CCCCCCCCCCO,158.285,3.119400000000002,20.23,8,0.0
CCCCCCCCC=C,140.26999999999998,3.923000000000003,0.0,7,0.0
CCCCCCCCCCCCO,186.33899999999997,3.899600000000003,20.23,10,0.0
CCc1cccc2ccccc12,156.22799999999998,3.4022000000000023,0.0,1,0.8333333333333334
CCCCCCCO,116.204,1.9491,20.23,5,0.0
CCCCCC=C,98.189,2.752700000000001,0.0,4,0.0
CCCCCC#C,96.173,2.1999000000000004,0.0,3,0.0
CCCCCCCCCCCCCCCCO,242.44699999999992,5.460000000000006,20.23,14,0.0
CCCCCCO,102.177,1.559,20.23,4,0.0
CCCCC=C,84.16199999999999,2.3626000000000005,0.0,3,0.0
CCCC(O)C=C,100.161,1.3334,20.23,3,0.0
CCCCC#C,82.14599999999999,1.8098,0.0,2,0.0
CCCCI,184.02,2.2215,0.0,2,0.0
CCCCCCCI,226.101,3.3918000000000026,0.0,5,0.0
Ic1cccc2ccccc12,254.07,3.4444000000000017,0.0,0,0.9090909090909092
CCCI,169.993,1.8314,0.0,1,0.0
CC1=CCCCC1,96.17300000000002,2.5067000000000004,0.0,0,0.0
Cc1cccc2c1Cc3ccccc32,180.25000000000003,3.566220000000002,0.0,0,0.8571428571428571
Cc1cccc2ccccc12,142.201,3.148220000000002,0.0,0,0.9090909090909092
Cc1cccc2c1ccc3ccccc32,192.261,4.301420000000003,0.0,0,0.9333333333333332
Cn1ccc(=O)[nH]c1=O,126.115,-0.9264,54.86,0,0.6666666666666666
Oc1cccc2ccccc12,144.17299999999997,2.5454000000000008,20.23,0,0.9090909090909092
Nc1cccc2ccccc12,143.189,2.4220000000000006,26.02,0,0.9090909090909092
O=N(=O)c1cccc2ccccc12,173.171,2.748000000000001,43.14,1,0.7692307692307693
CCCN(=O)=O,89.09399999999998,0.6731,43.14,2,0.0
CCCCCCCCCO,144.258,2.7293000000000016,20.23,7,0.0
CCCCCCCC=C,126.243,3.5329000000000024,0.0,6,0.0
CCCCCCCC#C,124.227,2.980100000000002,0.0,5,0.0
CCCCCCCCCCCCCCCCCCO,270.50099999999986,6.240200000000008,20.23,16,0.0
CCCCCCCCO,130.23100000000002,2.3392000000000013,20.23,6,0.0
CCCCCCC=C,112.216,3.142800000000002,0.0,5,0.0
CCCCCCC#C,110.2,2.5900000000000007,0.0,4,0.0
CCCCCCCCCCCCCCCO,228.41999999999993,5.069900000000006,20.23,13,0.0
CCCCCO,88.14999999999999,1.1689,20.23,3,0.0
CCCC=C,70.135,1.9725,0.0,2,0.0
CCCC#C,68.11899999999999,1.4197,0.0,1,0.0
CC(O)c1ccccc1,122.16699999999996,1.7399,20.23,1,0.6666666666666666
CCCO,60.096,0.3887,20.23,1,0.0
CCCCCCCCCCCCCCO,214.39299999999992,4.679800000000005,20.23,12,0.0
Clc1c(Cl)c(Cl)c(c(Cl)c1Cl)c2c(Cl)c(Cl)c(Cl)c(Cl)c2Cl ,498.66200000000026,9.8876,0.0,1,0.5454545454545454
Clc1cc(c(Cl)c(Cl)c1Cl)c2cc(Cl)c(Cl)c(Cl)c2Cl,429.77200000000016,8.580799999999998,0.0,1,0.6
Clc1ccc(c(Cl)c1Cl)c2ccc(Cl)c(Cl)c2Cl ,360.88200000000006,7.274000000000001,0.0,1,0.6666666666666666
Clc1cc(Cl)c(Cl)c(c1Cl)c2c(Cl)c(Cl)cc(Cl)c2Cl ,429.77200000000016,8.580799999999998,0.0,1,0.6
Clc1cccc(c1Cl)c2c(Cl)c(Cl)cc(Cl)c2Cl ,360.88200000000006,7.274000000000001,0.0,1,0.6666666666666666
Clc1cccc(c1Cl)c2cccc(Cl)c2Cl,291.99199999999996,5.967200000000002,0.0,1,0.75
Clc1ccc(c(Cl)c1)c2c(Cl)c(Cl)c(Cl)c(Cl)c2Cl,395.3270000000001,7.9274,0.0,1,0.631578947368421
Clc1ccc(Cl)c(c1)c2c(Cl)c(Cl)c(Cl)c(Cl)c2Cl,395.3270000000001,7.9274,0.0,1,0.631578947368421
Clc1ccc(Cl)c(c1)c2cc(Cl)c(Cl)c(Cl)c2Cl,360.88200000000006,7.274000000000001,0.0,1,0.6666666666666666
Clc1cc(Cl)c(cc1Cl)c2cccc(Cl)c2Cl ,326.437,6.620600000000001,0.0,1,0.7058823529411765
Clc1ccc(c(Cl)c1)c2c(Cl)ccc(Cl)c2Cl ,326.437,6.620600000000001,0.0,1,0.7058823529411765
Clc1ccc(Cl)c(c1)c2c(Cl)c(Cl)cc(Cl)c2Cl ,360.88200000000006,7.274000000000001,0.0,1,0.6666666666666666
Clc1ccc(Cl)c(c1)c2cccc(Cl)c2Cl ,291.9920000000001,5.967200000000002,0.0,1,0.75
CC(C)C(C)(C)C,100.20499999999998,2.6885000000000012,0.0,0,0.0
Clc1cc(Cl)c(cc1Cl)c2cc(Cl)c(Cl)cc2Cl ,360.88200000000006,7.274000000000001,0.0,1,0.6666666666666666
Clc1cc(Cl)c(c(Cl)c1)c2c(Cl)cc(Cl)cc2Cl ,360.88200000000006,7.274000000000001,0.0,1,0.6666666666666666
Clc1ccc(c(Cl)c1)c2cc(Cl)ccc2Cl ,291.99199999999996,5.967200000000002,0.0,1,0.75
Clc1cc(Cl)c(c(Cl)c1)c2c(Cl)cccc2Cl,326.437,6.620600000000001,0.0,1,0.7058823529411765
CC(C)CC(C)(C)C,114.232,3.0786000000000016,0.0,1,0.0
CC(C)CCC(C)(C)C,128.259,3.468700000000003,0.0,2,0.0
Clc1cccc(Cl)c1c2c(Cl)cccc2Cl ,291.99199999999996,5.967200000000002,0.0,1,0.75
CCC(C)(C)CO,102.17699999999998,1.4149,20.23,2,0.0
CCC(C)(C)C,86.17799999999998,2.442500000000001,0.0,0,0.0
CCCC(C)(C)C,100.20499999999998,2.832600000000001,0.0,1,0.0
CCCC(C)(C)CO,116.20399999999998,1.805,20.23,3,0.0
CC(C)(C)CO,88.14999999999999,1.0248,20.23,0,0.0
Clc1ccccc1c2ccccc2Cl ,223.102,4.660400000000002,0.0,1,0.8571428571428571
Clc1ccc(cc1Cl)c2cc(Cl)c(Cl)c(Cl)c2Cl ,360.88200000000006,7.274,0.0,1,0.6666666666666666
Clc1ccc(c(Cl)c1Cl)c2c(Cl)cc(Cl)c(Cl)c2Cl ,395.3270000000001,7.9274,0.0,1,0.631578947368421
Clc1ccc(c(Cl)c1)c2cc(Cl)c(Cl)c(Cl)c2Cl ,360.88200000000006,7.274000000000001,0.0,1,0.6666666666666666
Clc1ccc(c(Cl)c1)c2ccc(Cl)c(Cl)c2Cl ,326.437,6.620600000000001,0.0,1,0.7058823529411765
Clc2c(Cl)c(Cl)c(c1ccccc1)c(Cl)c2Cl ,326.437,6.620600000000001,0.0,1,0.7058823529411765
Clc1ccc(Cl)c(c1)c2ccc(Cl)c(Cl)c2,291.992,5.967200000000002,0.0,1,0.75
Oc1cc(Cl)c(Cl)c(Cl)c1Cl,231.893,4.0058,20.23,0,0.5454545454545454
Oc1c(Cl)cc(Cl)c(Cl)c1Cl,231.89299999999997,4.005799999999999,20.23,0,0.5454545454545454
Clc1ccc(cc1)c2cccc(Cl)c2Cl ,257.547,5.313800000000001,0.0,1,0.8
Clc1ccc(cc1)c2cccc(Cl)c2Cl ,257.547,5.313800000000001,0.0,1,0.8
Oc1ccc(Cl)c(Cl)c1Cl,197.448,3.3524000000000003,20.23,0,0.6
CC(C)C(C)C(C)C,114.232,2.9345000000000017,0.0,2,0.0
Oc1c(Cl)c(Cl)cc(Cl)c1Cl,231.893,4.0058,20.23,0,0.5454545454545454
Clc1cccc(c1)c2cc(Cl)ccc2Cl ,257.547,5.313800000000001,0.0,1,0.8
Oc1cc(Cl)cc(Cl)c1Cl,197.448,3.3523999999999994,20.23,0,0.6
Oc1c(Cl)ccc(Cl)c1Cl,197.448,3.3523999999999994,20.23,0,0.6
O=N(=O)c1c(Cl)c(Cl)ccc1,192.00100000000003,2.901600000000001,43.14,1,0.5454545454545454
Oc1cccc(Cl)c1Cl,163.003,2.699,20.23,0,0.6666666666666666
CC(=C)C(=C)C,82.146,2.1386000000000003,0.0,1,0.0
CC(C)C(C)C,86.178,2.2984,0.0,1,0.0
Cc1cc2ccccc2cc1C,156.22799999999998,3.456640000000002,0.0,0,0.8333333333333334
CCC(C)C(C)C,100.20499999999998,2.6885000000000012,0.0,2,0.0
Cc1cccnc1C,107.156,1.69844,12.89,0,0.75
Clc1ccc(cc1)c2cc(Cl)ccc2Cl ,257.547,5.313800000000001,0.0,1,0.8
Clc1ccc(cc1)c2cc(Cl)ccc2Cl ,257.547,5.313800000000001,0.0,1,0.8
Oc1cc(Cl)c(Cl)cc1Cl,197.448,3.3524000000000003,20.23,0,0.6
Clc1ccc(cc1)c2c(Cl)cccc2Cl ,257.547,5.313800000000001,0.0,1,0.8
Oc1c(Cl)cc(Cl)cc1Cl,197.448,3.3523999999999994,20.23,0,0.6
Cc1cc(C)c(O)c(C)c1,136.194,2.3174600000000005,20.23,0,0.6
Cc1c(cc(cc1N(=O)=O)N(=O)=O)N(=O)=O,227.132,1.7196200000000006,129.42000000000002,3,0.375
Oc1ccc(Cl)cc1Cl,163.003,2.699,20.23,0,0.6666666666666666
CC(C)CC(C)(C)O,116.20399999999998,1.8034,20.23,2,0.0
CC(C)C(O)C(C)C,116.20399999999998,1.6593,20.23,2,0.0
CC(C)C(=O)C(C)C,114.18799999999996,1.8675,17.07,2,0.0
CC(C)CC(C)C,100.20499999999998,2.6885000000000012,0.0,2,0.0
Cc1ccc(O)c(C)c1,122.167,2.0090399999999997,20.23,0,0.6666666666666666
Cc1ccnc(C)c1,107.156,1.69844,12.89,0,0.75
Cc1ccc(cc1N(=O)=O)N(=O)=O,182.135,1.8114200000000005,86.28,2,0.4615384615384615
Clc1ccc(cc1)c2ccccc2Cl ,223.102,4.660400000000002,0.0,1,0.8571428571428571
Clc1ccc(cc1)c2ccccc2Cl ,223.102,4.660400000000002,0.0,1,0.8571428571428571
Oc1c(Cl)cccc1Cl,163.003,2.699,20.23,0,0.6666666666666666
Cc1ccc2cc(C)ccc2c1,156.228,3.456640000000002,0.0,0,0.8333333333333334
Cc1cccc(C)c1O,122.167,2.00904,20.23,0,0.6666666666666666
Cc1cccc(C)n1,107.156,1.69844,12.89,0,0.75
Cc1c(cccc1N(=O)=O)N(=O)=O,182.135,1.8114200000000005,86.28,2,0.4615384615384615
Clc1cccc(Cl)c1c2ccccc2 ,223.102,4.660400000000003,0.0,1,0.8571428571428571
c2c(C)cc1nc(C)ccc1c2 ,157.216,2.8516400000000006,12.89,0,0.8333333333333334
Nc3ccc2cc1ccccc1cc2c3 ,193.249,3.5752000000000015,26.02,0,0.9333333333333332
c1c(Br)ccc2ccccc12 ,207.07,3.6023000000000014,0.0,0,0.9090909090909092
Brc1ccc2ccccc2c1,207.07,3.6023000000000014,0.0,0,0.9090909090909092
CC(C)Br,122.993,1.7897,0.0,0,0.0
Cc1ccccc1Br,171.03699999999998,2.7575200000000013,0.0,0,0.75
CCC(=O)C,72.107,0.9854,17.07,1,0.0
CC=CC=O,70.09100000000001,0.7614000000000001,17.07,1,0.0
CCCCOCCO,118.176,0.7953999999999999,29.46,5,0.0
CCC(C)(C)Cl,106.596,2.4138,0.0,1,0.0
COc1ccccc1Cl,142.58499999999998,2.3486,9.23,1,0.6666666666666666
Clc1ccccc1c2ccccc2,188.657,4.007000000000002,0.0,1,0.9230769230769232
CCC(C)Cl,92.569,2.0237,0.0,1,0.0
Clc1ccc2ccccc2c1,162.61899999999997,3.4932000000000016,0.0,0,0.9090909090909092
Oc1ccccc1Cl,128.558,2.0456000000000003,20.23,0,0.75
CC(C)Cl,78.542,1.6336,0.0,0,0.0
Cc1ccccc1Cl,126.586,2.6484200000000007,0.0,0,0.75
NC(N)=NC#N ,84.082,-1.2591199999999998,88.19,0,0.0
CCCCCCCCC(=O)C,156.269,3.3260000000000023,17.07,7,0.0
CCc1ccccn1,107.15599999999998,1.644,12.89,1,0.75
CCC(CC)CO,102.177,1.4149,20.23,3,0.0
CCCCC(CC)CO,130.231,2.1951000000000005,20.23,5,0.0
CCCC=C(CC)C=O,126.19899999999998,2.3218000000000005,17.07,4,0.0
CCC(CC)C=O,100.161,1.6215,17.07,3,0.0
CCCCC(CC)C=O,128.21499999999995,2.401700000000001,17.07,5,0.0
CCc1ccc2ccccc2c1,156.22799999999998,3.4022000000000014,0.0,1,0.8333333333333334
CCc1ccccc1C,120.19499999999996,2.5574200000000005,0.0,1,0.6666666666666666
CCCCCC(C)O,116.20399999999998,1.9475,20.23,4,0.0
CCCCCC(=O)C,114.188,2.1557000000000004,17.07,4,0.0
CCCCC(C)O,102.17699999999998,1.5574,20.23,3,0.0
CCCCC(=O)C,100.161,1.7656,17.07,3,0.0
Oc2ncc1nccnc1n2,148.125,0.1253999999999998,71.79,0,0.9090909090909092
Oc1ccccn1,95.101,0.7871999999999999,33.120000000000005,0,0.8571428571428571
CC(C)I,169.993,1.8298,0.0,0,0.0
CC(C)c1ccccc1C,134.22199999999995,3.118420000000002,0.0,1,0.6
COc2ncc1nccnc1n2,162.152,0.4283999999999998,60.790000000000006,1,0.8333333333333334
CC=C(C)C,70.13499999999999,1.9725,0.0,0,0.0
CC(=C)C=C,68.11900000000001,1.7485,0.0,1,0.0
CCC(=C)C,70.13499999999999,1.9725,0.0,1,0.0
CCCC(=C)C,84.16199999999999,2.3626000000000005,0.0,2,0.0
CCCCCC(C)(C)O,130.231,2.337600000000001,20.23,4,0.0
CCCCC(C)(C)O,116.20399999999998,1.9475,20.23,3,0.0
CCCC(C)(C)O,102.17699999999998,1.5574,20.23,2,0.0
CCC(O)C(C)C,102.177,1.4133,20.23,2,0.0
Cc1ccc2cc3ccccc3cc2c1,192.261,4.301420000000002,0.0,0,0.9333333333333332
CCC(C)(C)O,88.14999999999998,1.1673,20.23,1,0.0
CCC(C)C,72.151,2.0524,0.0,1,0.0
CCC(C)CO,88.14999999999999,1.0248,20.23,2,0.0
CCCCCC(C)C,114.232,3.2227000000000023,0.0,4,0.0
Cc1ccc2ccccc2c1,142.201,3.148220000000001,0.0,0,0.9090909090909092
CCCC(C)C,86.178,2.442500000000001,0.0,2,0.0
CCCC(C)CO,102.177,1.4149,20.23,3,0.0
Cc1ccc2c(ccc3ccccc32)c1,192.261,4.301420000000003,0.0,0,0.9333333333333332
Cc1ccccc1O,108.14,1.70062,20.23,0,0.75
CC(C)CO,74.12299999999999,0.6347,20.23,1,0.0
CC(C)C,58.123999999999995,1.6623,0.0,0,0.0
CC(=C)C,56.108,1.5824,0.0,0,0.0
Cc2ncc1nccnc1n2,146.153,0.7282199999999999,51.56,0,0.9090909090909092
CC1CCCO1,86.134,1.1853,9.23,0,0.0
Oc1ccc2ccccc2c1,144.17299999999997,2.5454,20.23,0,0.9090909090909092
CC(C)N(=O)=O,89.094,0.6715,43.14,1,0.0
CCCCCCCC(C)O,144.258,2.727700000000002,20.23,6,0.0
CCCCCCCC(=O)C,142.242,2.935900000000001,17.07,6,0.0
CCCCCCC(C)O,130.231,2.337600000000001,20.23,5,0.0
CCCCCCC(=O)C,128.21499999999995,2.5458000000000007,17.07,5,0.0
CCCC(C)O,88.14999999999999,1.1673,20.23,2,0.0
CCCC(=O)C,86.13399999999999,1.3755,17.07,2,0.0
OCCOc1ccccc1,138.16599999999997,1.0577,29.46,3,0.6
CC(C)O,60.096,0.3871,20.23,0,0.0
O=C1CCCN1,85.10600000000001,-0.1036,29.1,0,0.0
CCCCCCCCCC(C)O,172.312,3.5079000000000025,20.23,8,0.0
CC(C)(C)CCO,102.177,1.4149,20.23,1,0.0
CC(O)C(C)(C)C,102.177,1.4133,20.23,0,0.0
CC(=O)C(C)(C)C,100.161,1.6215,17.07,0,0.0
CCC(C)(C)CC,100.20499999999998,2.832600000000001,0.0,2,0.0
O=N(=O)c1cc(Cl)c(Cl)cc1,192.001,2.901600000000001,43.14,1,0.5454545454545454
Oc1ccc(Cl)c(Cl)c1,163.003,2.6990000000000007,20.23,0,0.6666666666666666
Cc1ccc(O)cc1C,122.167,2.0090399999999997,20.23,0,0.6666666666666666
Cc1ccncc1C,107.156,1.69844,12.89,0,0.75
Clc1ccc(cc1Cl)c2ccccc2 ,223.102,4.660400000000002,0.0,1,0.8571428571428571
Oc1cc(Cl)cc(Cl)c1,163.003,2.699,20.23,0,0.6666666666666666
Cc1cc(C)cc(O)c1,122.16699999999996,2.0090399999999997,20.23,0,0.6666666666666666
Cc1cncc(C)c1,107.15599999999998,1.69844,12.89,0,0.75
O=C1N(COC(=O)CCC)C(=O)C(N1)(c2ccccc2)c3ccccc3,352.39000000000004,2.782800000000001,75.71,6,0.4615384615384615
COc1cccc(Cl)c1,142.58499999999998,2.3486,9.23,1,0.6666666666666666
c1c(Cl)cccc1c2ccccc2,188.657,4.007000000000002,0.0,1,0.9230769230769232
Oc1cccc(Cl)c1,128.558,2.0456,20.23,0,0.75
ClCCC#N ,89.525,1.13888,23.79,1,0.0
O=C1N(COC(=O)C)C(=O)C(N1)(c2ccccc2)c3ccccc3,324.33600000000007,2.0025999999999993,75.71,4,0.5
CCC(O)(CC)CC,116.204,1.9475,20.23,3,0.0
CCCCC(O)CC,116.20399999999998,1.9475,20.23,4,0.0
O=C1N(COC(=O)CCCCCC)C(=O)C(N1)(c2ccccc2)c3ccccc3,394.471,3.9531000000000023,75.71,9,0.4137931034482758
CCCC(O)CC,102.177,1.5574,20.23,3,0.0
CCCC(=O)CC,100.161,1.7656,17.07,3,0.0
O=C1N(COC(=O)CCCCC)C(=O)C(N1)(c2ccccc2)c3ccccc3,380.444,3.5630000000000024,75.71,8,0.4285714285714285
CCC#CCC,82.14599999999999,1.8098,0.0,0,0.0
CC(C)C=C,70.135,1.8284,0.0,1,0.0
CC(C)C(C)O,88.14999999999999,1.0232,20.23,1,0.0
CC(C)C(=O)C,86.13399999999999,1.2314,17.07,1,0.0
CCC(C)CCO,102.177,1.4149,20.23,3,0.0
CCC(C)CCO,102.177,1.4149,20.23,3,0.0
CCC(C)C(=O)C,100.161,1.6215,17.07,2,0.0
CCCCC(C)(O)CC,130.23099999999997,2.3376,20.23,4,0.0
CCCC(C)(O)CC,116.20399999999998,1.9475,20.23,3,0.0
CCC(C)(O)CC,102.17699999999998,1.5574,20.23,2,0.0
CC(C)CCO,88.14999999999999,1.0248,20.23,2,0.0
c1cc(C)cc2c1c3cc4cccc5CCc(c45)c3cc2,268.3589999999999,5.553220000000004,0.0,0,0.8571428571428571
CCCCC(C)CC,114.232,3.2227000000000023,0.0,4,0.0
Cc1c[nH]c2ccccc12 ,131.17799999999997,2.4763200000000003,15.79,0,0.9
CCC(C)CC,86.178,2.442500000000001,0.0,2,0.0
Cc1cccc(O)c1,108.14,1.7006199999999998,20.23,0,0.75
CCCCCC(O)CC,130.23099999999997,2.3376,20.23,5,0.0
O=C1N(COC(=O)CCCCCCC)C(=O)C(N1)(c2ccccc2)c3ccccc3,408.498,4.343200000000004,75.71,10,0.4
CCC(O)CC,88.15,1.1673,20.23,2,0.0
CCC(=O)CC,86.134,1.3755,17.07,2,0.0
O=C1N(COC(=O)CCCC)C(=O)C(N1)(c2ccccc2)c3ccccc3,366.417,3.172900000000002,75.71,7,0.4444444444444444
O=C1N(COC(=O)CC)C(=O)C(N1)(c2ccccc2)c3ccccc3,338.36300000000006,2.3927000000000005,75.71,5,0.48
Clc1ccc(cc1)c2ccc(Cl)cc2 ,223.102,4.660400000000002,0.0,1,0.8571428571428571
Oc1ccc(Br)cc1,173.009,2.1547,20.23,0,0.75
Cc1ccc(Br)cc1,171.03700000000003,2.7575200000000013,0.0,0,0.75
COc1ccc(Cl)cc1,142.585,2.3486,9.23,1,0.6666666666666666
Oc1ccc(Cl)cc1,128.558,2.0456,20.23,0,0.75
Cc1ccc(Cl)cc1,126.586,2.6484200000000007,0.0,0,0.75
CCc1ccc(C)cc1,120.19499999999996,2.5574200000000005,0.0,1,0.6666666666666666
CCCC(O)CCC,116.204,1.9475,20.23,4,0.0
CCCC(=O)CCC,114.188,2.1557000000000004,17.07,4,0.0
c1(O)cc(O)ccc1CCCCCC,194.27399999999992,3.220600000000001,40.46,5,0.4285714285714285
Oc1ccncc1,95.10099999999998,0.7871999999999999,33.120000000000005,0,0.8571428571428571
CC(C)c1ccc(C)cc1,134.22199999999998,3.118420000000002,0.0,1,0.6
COc1ncnc2nccnc12 ,162.15200000000002,0.4283999999999998,60.790000000000006,1,0.8333333333333334
CC(C)CC(C)O,102.17699999999998,1.4133,20.23,2,0.0
CC(C)CC(=O)C,100.161,1.6215,17.07,2,0.0
Cc1ccc(cc1)c2ccccc2,168.239,3.662020000000002,0.0,1,0.9230769230769232
CC(C)CCCO,102.177,1.4149,20.23,3,0.0
Cc1ncnc2nccnc12,146.15299999999996,0.7282199999999999,51.56,0,0.9090909090909092
CC(=O)Nc1ccc(cc1)N(=O)=O,180.163,1.5531999999999997,72.24000000000001,2,0.4615384615384615
OCCCC=C,86.134,0.9449,20.23,3,0.0
O=C1NC(=O)NC(=O)C1(CC)CC=C(C)C,224.25999999999996,1.1050999999999993,75.27000000000001,3,0.0
O=C1NC(=O)NC(=O)C1(C(C)C)CC=C(C)C,238.287,1.3510999999999993,75.27000000000001,3,0.0
O=C1NC(=O)NC(=O)C1(CC=C)CC=C,208.21699999999996,0.4909999999999996,75.27000000000001,4,0.0
O=C1NC(=O)NC(=O)C1(C(C)C)C(C)C,212.249,0.6507999999999994,75.27000000000001,2,0.0
O=C1NC(=O)NC(=O)C1(C)C,156.141,-0.6214000000000004,75.27000000000001,0,0.0
Oc2ccc1CCCCc1c2 ,148.205,2.271,20.23,0,0.5454545454545454
Cc1c(C)c2c3ccccc3ccc2c4ccccc14,256.348,5.763040000000004,0.0,0,0.9
O=C1NC(=O)NC(=O)C1(CC)CC=C,196.20599999999996,0.3248999999999995,75.27000000000001,3,0.0
O=C1NC(=O)NC(=O)C1(C(C)C)CC=C,210.233,0.5708999999999995,75.27000000000001,3,0.0
O=C1NC(=O)NC(=O)C1(C)CC=C,182.17899999999997,-0.0652000000000003,75.27000000000001,2,0.0
O=C1NC(=O)NC(=O)C1(CC=C)c1ccccc1,244.25,0.8664999999999998,75.27000000000001,3,0.3333333333333333
O=C1NC(=O)NC(=O)C1(CC)CCC(C)C,226.27599999999995,1.1849999999999992,75.27000000000001,4,0.0
O=C1NC(=O)NC(=O)C1(CC)C(C)C,198.222,0.4047999999999994,75.27000000000001,2,0.0
O=C1NC(=O)NC(=O)C1(CC)c1ccccc1,232.239,0.7003999999999997,75.27000000000001,2,0.3529411764705882
Fc1c[nH]c(=O)[nH]c1=O ,130.078,-0.7977000000000001,65.72,0,0.6666666666666666
Oc1cccc2ncccc12 ,145.161,1.9404,33.120000000000005,0,0.9090909090909092
O=C1NC(=O)NC(=O)C1(C)CC,170.16799999999998,-0.2313000000000005,75.27000000000001,1,0.0
c1cccc2c3c(C)cc4ccccc4c3ccc12,242.321,5.454620000000004,0.0,0,0.9473684210526316
Nc1c(C)c[nH]c(=O)n1 ,125.131,-0.3394800000000001,71.77000000000001,0,0.6666666666666666
CCCCC(=O)CCCC,142.242,2.935900000000001,17.07,6,0.0
Nc3cc2c1ccccc1ccc2c4ccccc34 ,243.309,4.728400000000002,26.02,0,0.9473684210526316
Oc2ccc1ncccc1c2 ,145.161,1.9403999999999997,33.120000000000005,0,0.9090909090909092
COc2cnc1ncncc1n2,162.15200000000002,0.4283999999999998,60.790000000000006,1,0.8333333333333334
Cc1cc2c3ccccc3ccc2c4ccccc14,242.321,5.454620000000004,0.0,0,0.9473684210526316
Cc1c2ccccc2c(C)c3ccc4ccccc4c13,256.348,5.763040000000005,0.0,0,0.9
COc2cnc1cncnc1n2,162.152,0.4283999999999998,60.790000000000006,1,0.8333333333333334
Cc2cnc1cncnc1n2,146.153,0.7282199999999998,51.56,0,0.9090909090909092
Oc1cccc2cccnc12 ,145.16099999999997,1.9403999999999997,33.120000000000005,0,0.9090909090909092
Cc1c2ccccc2c(C)c3ccccc13,206.288,4.609840000000004,0.0,0,0.875
c3ccc2c(O)c1ccccc1cc2c3 ,194.233,3.6986000000000017,20.23,0,0.9333333333333332
Cc1c2ccccc2cc3ccccc13,192.261,4.301420000000003,0.0,0,0.9333333333333332
COP(=S)(OC)Oc1ccc(Sc2ccc(OP(=S)(OC)OC)cc2)cc1,466.47900000000016,5.630000000000004,55.38000000000001,10,0.4444444444444444
C1Cc2cccc3cccc1c23,154.21199999999996,2.9384000000000015,0.0,0,0.8333333333333334
C1=Cc2cccc3cccc1c23,152.19599999999994,3.3236000000000017,0.0,0,0.8333333333333334
COP(=O)(NC(C)=O)SC ,183.169,1.24,55.4,3,0.0
CC(=O)N,59.068,-0.5084,43.09,0,0.0
CC(=O)Nc1ccccc1,135.16599999999997,1.6449999999999998,29.1,1,0.6
CC(=O)Nc1nnc(s1)S(N)(=O)=O ,222.251,-0.8561000000000003,115.04,2,0.3846153846153846
CC#N,41.053,0.52988,23.79,0,0.0
CC(=O)c1ccccc1,120.15099999999995,1.8892,17.07,1,0.6666666666666666
CC(=O)N(S(=O)c1ccc(N)cc1)c2onc(C)c2C ,293.34800000000007,1.9493400000000003,89.43,3,0.55
c3ccc2nc1ccccc1cc2c3,179.22199999999998,3.3880000000000017,12.89,0,1.0
C=CC=O,56.064,0.3712999999999999,17.07,1,0.0
C=CC#N,53.06399999999999,0.6959799999999999,23.79,0,0.0
Nc1ncnc2nc[nH]c12 ,135.13,-0.0648999999999999,80.47999999999999,0,0.9
CC34CC(=O)C1C(CCC2=CC(=O)CCC12C)C3CCC4(=O) ,300.3980000000001,3.2664000000000017,51.21,0,0.0
CCc1cccc(CC)c1N(COC)C(=O)CCl ,269.77199999999993,2.9871000000000016,29.54,6,0.3333333333333333
CC13CCC(=O)C=C1CCC4C2CCC(C(=O)CO)C2(CC(O)C34)C=O ,360.4500000000001,1.8457,91.67000000000002,3,0.0
ClC1=C(Cl)C2(Cl)C3C4CC(C=C4)C3C1(Cl)C2(Cl)Cl,364.914,5.270200000000002,0.0,0,0.0
NC(=O)NC1NC(=O)NC1=O ,158.117,-2.1798,113.32,1,0.0
C=CCS(=O)SCC=C,162.27899999999997,1.7553,17.07,5,0.0
O=c1[nH]cnc2[nH]ncc12 ,136.114,-0.3538,74.43,0,0.9
O=C1NC(=O)C(=O)C(=O)N1 ,142.07,-2.0785,92.34,0,0.0
C1(=O)NC(=O)NC(=O)C1(O)C2(O)C(=O)NC(=O)NC2(=O),286.156,-4.819399999999998,191.0,1,0.0
CN(C)c1nc(nc(n1)N(C)C)N(C)C,210.285,0.0696000000000001,48.39000000000001,3,0.4
CCNc1nc(NC(C)C)nc(SC)n1,227.337,1.8455999999999997,62.73,5,0.4
OCC3OC(OCC2OC(OC(C#N)c1ccccc1)C(O)C(O)C2O)C(O)C(O)C3O ,457.4320000000001,-3.1080199999999985,202.31999999999996,7,0.1875
CNC(=O)Oc1ccc(N(C)C)c(C)c1,208.26099999999997,1.77922,41.57,2,0.4
CN(C)c2c(C)n(C)n(c1ccccc1)c2=O ,231.299,1.55042,30.17,2,0.6470588235294118
Nc1nccs1 ,100.146,0.7253000000000001,38.91,0,0.8333333333333334
CN(C=Nc1ccc(C)cc1C)C=Nc2ccc(C)cc2C,293.41400000000004,4.871880000000004,27.96,4,0.5454545454545454
Nc1nc[nH]n1,84.082,-0.6131000000000002,67.59,0,0.8333333333333334
CCC1(CCC(C)C)C(=O)NC(=O)NC1=O,226.276,1.1849999999999998,75.27000000000001,4,0.0
Cc2c(N)c(=O)n(c1ccccc1)n2C,203.245,1.0666200000000003,52.95,1,0.7333333333333333
COc1ccc(cc1)C(O)(C2CC2)c3cncnc3 ,256.30499999999995,2.1311,55.24,4,0.631578947368421
CC34CCC1C(CCC2=CC(=O)CCC12C)C3CCC4=O,286.415,4.087400000000003,34.14,0,0.0
CC12CCC(O)CC1CCC3C2CCC4(C)C3CCC4=O,290.447,3.959100000000003,37.3,0,0.0
COc1ccc(C=CC)cc1,148.20499999999998,2.728300000000001,9.23,2,0.5454545454545454
Nc1ccccc1,93.129,1.2688,26.02,0,0.8571428571428571
COP(=S)(OC)SCC(=O)N(C(C)C)c1ccc(Cl)cc1,367.86,4.331900000000004,38.77,7,0.2857142857142857
COc1ccccc1,108.13999999999996,1.6952,9.23,1,0.75
c1ccc2cc3ccccc3cc2c1,178.23399999999995,3.993000000000002,0.0,0,1.0
O=C1c2ccccc2C(=O)c3ccccc13,208.216,2.4620000000000006,34.14,0,0.75
Cc1cc(=O)n(c2ccccc2)n1C,188.23,1.48442,26.93,1,0.7857142857142857
CCCC1C(=O)N3N(C1=O)c2cc(C)ccc2N=C3N(C)C ,300.3620000000001,2.0642199999999997,56.220000000000006,2,0.2727272727272727
OC4=C(C1CCC(CC1)c2ccc(Cl)cc2)C(=O)c3ccccc3C4=O,366.84400000000016,5.505100000000005,54.37,2,0.4615384615384615
CCNc1nc(NC(C)C)nc(OC)n1,211.269,1.1322999999999996,71.96000000000001,5,0.4
CCNc1nc(Cl)nc(NC(C)C)n1,215.688,1.7770999999999997,62.73,4,0.4285714285714285
CCN(CC)C(=O)CSc1ccc(Cl)nn1,259.762,2.0904999999999996,46.09,5,0.375
N(=Nc1ccccc1)c2ccccc2,182.226,4.102000000000002,24.72,2,0.8571428571428571
CNC(=O)C=C(C)OP(=O)(OC)OC,223.16499999999996,1.0537,73.86,5,0.0
ClCC#CCOC(=O)Nc1cccc(Cl)c1,258.104,3.130700000000001,38.33,2,0.375
O=C1NC(=O)NC(=O)C1(CC)CC,184.19499999999996,0.1587999999999993,75.27000000000001,2,0.0
NS(=O)(=O)c3cc2c(NC(Cc1ccccc1)NS2(=O)=O)cc3C(F)(F)F,421.4220000000001,1.6254,118.36,3,0.4444444444444444
CCCCN(CC)c1c(cc(cc1N(=O)=O)C(F)(F)F)N(=O)=O,335.28200000000004,4.148200000000004,89.51999999999998,7,0.2608695652173913
CCOC(=O)CCN(SN(C)C(=O)Oc1cccc2CC(C)(C)Oc21)C(C)C,410.53600000000023,4.057500000000004,68.31,8,0.2142857142857142
c1c(NC(=O)c2ccccc2(I))cccc1,323.133,3.5435000000000016,29.1,2,0.75
CCCCNC(=O)n1c(NC(=O)OC)nc2ccccc12,290.323,2.572400000000001,85.25,4,0.4285714285714285
CC(C)OP(=S)(OC(C)C)SCCNS(=O)(=O)c1ccccc1,397.52400000000006,3.7726000000000024,64.63,10,0.2608695652173913
O=Cc1ccccc1,106.12399999999997,1.4991,17.07,1,0.75
NC(=O)c1ccccc1,121.13899999999995,0.7855000000000001,43.09,1,0.6666666666666666
c1ccccc1,78.11399999999999,1.6866,0.0,0,1.0
c1ccccc1C(O)c2ccccc2,184.238,2.768300000000001,20.23,2,0.8571428571428571
O=C(Cn1ccnc1N(=O)=O)NCc2ccccc2,260.253,1.1077,90.06,5,0.5789473684210527
C1c2ccccc2c3ccc4ccccc4c13,216.283,4.411000000000003,0.0,0,0.9411764705882352
c1ccc2c(c1)cc3ccc4cccc5ccc2c3c45,252.31599999999997,5.737200000000003,0.0,0,1.0
c1ccc2c(c1)c3cccc4c3c2cc5ccccc54,252.31599999999997,5.640400000000003,0.0,0,1.0
C1c2ccccc2c3cc4ccccc4cc13,216.283,4.411000000000002,0.0,0,0.9411764705882352
c1ccc2c(c1)c3cccc4ccc5cccc2c5c43,252.31599999999997,5.737200000000003,0.0,0,1.0
c1ccc2c3c(ccc2c1)c4cccc5cccc3c45,252.31599999999997,5.640400000000003,0.0,0,1.0
c1ccc2cc3c4cccc5cccc(c3cc2c1)c45,252.31599999999997,5.640400000000003,0.0,0,1.0
c1cc2ccc3ccc4ccc5cccc6c(c1)c2c3c4c56,276.338,6.3282000000000025,0.0,0,1.0
CCOC(=O)c1ccc(N)cc1,165.19199999999998,1.4455,52.32,2,0.5
OC(C(=O)c1ccccc1)c2ccccc2,212.248,2.602900000000001,37.3,3,0.75
N#Cc1ccccc1,103.12399999999997,1.55828,23.79,0,0.75
O=C(c1ccccc1)c2ccccc2,182.222,2.917600000000001,17.07,2,0.8571428571428571
c2ccc1scnc1c2 ,135.191,2.2962999999999996,12.89,0,1.0
c2ccc1[nH]nnc1c2,119.127,0.9578999999999998,41.57,0,1.0
c2ccc1ocnc1c2,119.12299999999998,1.8278,26.03,0,1.0
ClCc1ccccc1,126.58599999999996,2.4254000000000007,0.0,1,0.75
FC(F)(F)c1ccccc1,146.111,2.705400000000001,0.0,0,0.6
NC(=O)NCc1ccccc1 ,150.18099999999998,0.8548999999999998,55.120000000000005,2,0.5454545454545454
CCCCC(=O)OC3(C(C)CC4C2CCC1=CC(=O)C=CC1(C)C2(F)C(O)CC34C)C(=O)CO,476.5850000000002,3.636800000000003,100.90000000000002,6,0.0
C(Cc1ccccc1)c2ccccc2,182.266,3.4718000000000018,0.0,3,0.8571428571428571
c1ccc(cc1)c2ccccc2,154.21199999999996,3.353600000000002,0.0,1,1.0
c2ccc1nc(ccc1c2)c4ccc3ccccc3n4 ,256.308,4.450000000000003,25.78,1,1.0
CC1(C)C2CCC1(C)C(O)C2,154.253,2.1935,20.23,0,0.0
CCC(C)n1c(=O)[nH]c(C)c(Br)c1=O ,261.11899999999997,1.57852,54.86,2,0.4285714285714285
OC(CC(c1ccccc1)c3c(O)c2ccccc2oc3=O)c4ccc(cc4)c5ccc(Br)cc5 ,527.4140000000002,7.183700000000006,70.67,6,0.8
Brc1ccccc1,157.01,2.4491000000000005,0.0,0,0.8571428571428571
ClCBr,129.384,1.5776,0.0,0,0.0
BrC(Cl)Cl,163.82899999999998,2.1425,0.0,0,0.0
CCBr,108.966,1.4012,0.0,0,0.0
CBr,94.939,1.0111,0.0,0,0.0
COP(=S)(OC)Oc1cc(Cl)c(Br)cc1Cl,366.0,4.652000000000002,27.69,4,0.375
CC(C)OC(=O)C(O)(c1ccc(Br)cc1)c2ccc(Br)cc2 ,428.12000000000006,4.3991000000000025,46.53,4,0.5454545454545454
Oc1c(Br)cc(C#N)cc1Br ,276.91499999999996,2.78888,44.02,0,0.5454545454545454
c1ccccc1n2ncc(N)c(Br)c2(=O),266.098,1.5771999999999995,60.91,1,0.8
CCCCc1c(C)nc(NCC)nc1OS(=O)(=O)N(C)C ,316.4270000000001,1.74462,84.42,8,0.2857142857142857
O=C1NC(=O)NC(=O)C1(CC)C(C)CC,212.24899999999997,0.7948999999999993,75.27000000000001,3,0.0
c1(C(C)(C)C)cc(C(C)(C)C)cc(OC(=O)NC)c1,263.381,3.999800000000003,38.33,1,0.3157894736842105
CCCCOCN(C(=O)CCl)c1c(CC)cccc1CC ,311.85300000000007,4.1574000000000035,29.54,9,0.2857142857142857
CCC(C)C1(CC(Br)=C)C(=O)NC(=O)NC1=O ,303.156,1.6836,75.27000000000001,4,0.0
CCCCOC(=O)c1ccc(N)cc1,193.246,2.2257,52.32,4,0.4285714285714285
CCC(C)O,74.12299999999999,0.7771999999999999,20.23,1,0.0
CCCC,58.123999999999995,1.8064,0.0,1,0.0
CCCCS,90.191,1.7163,0.0,2,0.0
CCCCC1(CC)C(=O)NC(=O)NC1=O,212.249,0.9389999999999998,75.27000000000001,4,0.0
CN1CC(O)N(C1=O)c2nnc(s2)C(C)(C)C,256.33099999999996,1.0257999999999998,69.56,1,0.2941176470588235
CC(C#C)N(C)C(=O)Nc1ccc(Cl)cc1,236.702,2.825400000000001,32.34,2,0.375
CCCCOC=O,102.13299999999998,0.9595,26.3,4,0.0
CCSC(=O)N(CC(C)C)CC(C)C,217.378,3.4735000000000023,20.31,5,0.0
CCCCc1ccccc1,134.22199999999998,3.0292000000000012,0.0,3,0.6
CCCC=O,72.107,0.9854,17.07,2,0.0
Cn1cnc2n(C)c(=O)n(C)c(=O)c12,194.19399999999996,-1.0293,61.82,0,0.6428571428571429
CC1(C)C2CCC1(C)C(=O)C2,152.237,2.401700000000001,17.07,0,0.0
CCCCCC=O,100.161,1.7656,17.07,4,0.0
ClC(Cl)C(Cl)(Cl)SN2C(=O)C1CC=CCC1C2=O ,349.06600000000014,3.520900000000001,37.38,3,0.0
O=C(Nc1ccccc1)Nc2ccccc2,212.252,3.3306000000000013,41.13,2,0.75
CNC(=O)Oc1cccc2ccccc12,201.225,2.5580000000000007,38.33,1,0.6666666666666666
c1ccc2c(c1)[nH]c3ccccc32,167.21099999999998,3.3211000000000013,15.79,0,1.0
c1c(NC(=O)OC(C)C(=O)NCC)cccc1,236.271,1.7597,67.42999999999999,4,0.3529411764705882
CNC(=O)Oc1cccc2CC(C)(C)Oc12,221.25599999999991,2.1183,47.56,1,0.375
CCOP(=S)(OCC)SCSc1ccc(Cl)cc1,342.875,5.420300000000004,18.46,8,0.3333333333333333
CC1=C(SCCO1)C(=O)Nc2ccccc2,235.308,2.620000000000001,38.33,2,0.375
CCC(Br)(CC)C(=O)NC(N)=O,237.097,1.1349999999999998,72.19,3,0.0
c1(O)c(C)ccc(C(C)C)c1,150.22099999999998,2.824020000000001,20.23,1,0.5454545454545454
CC(=C)C1CC=C(C)C(=O)C1,150.22099999999998,2.4879000000000007,17.07,1,0.0
OCC(O)C2OC1OC(OC1C2O)C(Cl)(Cl)Cl ,309.529,-0.4628999999999993,88.38000000000001,2,0.0
OCC(NC(=O)C(Cl)Cl)C(O)c1ccc(cc1)N(=O)=O,323.13200000000006,0.909,112.70000000000002,6,0.3
CCN(CC)c1nc(Cl)nc(n1)N(CC)CC,257.76899999999995,2.2173999999999996,45.150000000000006,6,0.3529411764705882
CON(C)C(=O)Nc1ccc(Br)c(Cl)c1,293.548,3.127600000000002,41.57,2,0.4
CC(OC(=O)Nc1cccc(Cl)c1)C#C,223.659,2.910200000000001,38.33,2,0.4
ClC1CC2C(C1Cl)C3(Cl)C(=C(Cl)C2(Cl)C3(Cl)Cl)Cl,409.7819999999999,5.682800000000001,0.0,0,0.0
ClC2=C(Cl)C3(Cl)C1C=CCC1C2(Cl)C3(Cl)Cl ,338.876,5.024200000000001,0.0,0,0.0
CN(C)C=Nc1ccc(Cl)cc1C,196.681,2.8698200000000007,15.6,2,0.4615384615384615
CCOC(=O)c1ccccc1S(=O)(=O)NN(C=O)c2nc(Cl)cc(OC)n2,414.82700000000017,1.1715999999999998,127.79,8,0.4444444444444444
NC(=O)CCl ,93.513,-0.2895000000000001,43.09,1,0.0
ClCC#N,75.498,0.74878,23.79,0,0.0
Clc1ccccc1,112.55899999999995,2.34,0.0,0,0.8571428571428571
ClC(Br)Br,208.28,2.2986000000000004,0.0,0,0.0
ClCC,64.515,1.2451,0.0,0,0.0
ClC=C,62.499,1.3687,0.0,0,0.0
CC(C)OC(=O)Nc1cccc(Cl)c1,213.664,3.2969000000000017,38.33,2,0.4285714285714285
ClC(Cl)(Cl)N(=O)=O,164.375,1.5908000000000002,43.14,0,0.0
c1ccc(Cl)cc1C(c2ccc(Cl)cc2)(O)C(=O)OC(C)C,339.21800000000013,4.180900000000003,46.53,4,0.5454545454545454
c1(C#N)c(Cl)c(C#N)c(Cl)c(Cl)c(Cl)1,265.914,4.043559999999999,47.58,0,0.4285714285714285
NS(=O)(=O)c2cc1c(N=CNS1(=O)=O)cc2Cl ,295.72900000000004,-0.0608999999999992,118.69,1,0.3529411764705882
CN(C)C(=O)Nc1ccc(C)c(Cl)c1,212.68,2.7419200000000012,32.34,1,0.4285714285714285
CN(C)C(=O)Nc2ccc(Oc1ccc(Cl)cc1)cc2,290.75,4.225800000000003,41.57000000000001,3,0.6
CCOP(=S)(OCC)Oc1nc(Cl)c(Cl)cc1Cl ,350.591,4.718100000000002,40.58,6,0.3333333333333333
c2(Cl)c(Cl)c(Cl)c1nccnc1c2(Cl) ,267.93,4.2434,25.78,0,0.7142857142857143
NS(=O)(=O)c1cc(ccc1Cl)C2(O)NC(=O)c3ccccc23,338.7720000000001,0.9242000000000008,109.49,2,0.5454545454545454
CN(C)C(=O)Nc1ccc(C)c(Cl)c1,212.68,2.7419200000000012,32.34,1,0.4285714285714285
Clc2ccc1oc(=O)[nH]c1c2,169.567,1.7744999999999995,46.0,0,0.8181818181818182
C1Cc2c3c1cccc3cc4c2ccc5ccccc54,254.33199999999997,5.244800000000004,0.0,0,0.9
c1ccc2c(c1)ccc3c4ccccc4ccc23,228.294,5.146200000000003,0.0,0,1.0
Cl\C=C/Cl,96.94400000000002,1.9352,0.0,0,0.0
C/C1CCCCC1\C,112.216,2.832600000000001,0.0,0,0.0
CC/C=C\C,70.135,1.9725,0.0,1,0.0
CC(C)=CCCC(C)=CC(=O),152.237,2.878000000000001,17.07,4,0.0
CC1(C)CON(Cc2ccccc2Cl)C1=O,239.702,2.640000000000001,29.54,2,0.375
Clc1ccccc1C2=NCC(=O)Nc3ccc(cc23)N(=O)=O,315.716,3.037700000000001,84.6,2,0.5454545454545454
c1cc2ccc3ccc4ccc5ccc6ccc1c7c2c3c4c5c67,300.36000000000007,6.919200000000002,0.0,0,1.0
CC12CC(O)C3C(CCC4=CC(=O)CCC34C)C2CCC1C(=O)CO,346.46700000000016,2.666700000000002,74.6,2,0.0
CC12CC(=O)C3C(CCC4=CC(=O)CCC34C)C2CCC1(O)C(=O)CO,360.45000000000016,1.9898,91.67,2,0.0
CC(=O)OCC(=O)C3(O)CCC4C2CCC1=CC(=O)CCC1(C)C2C(=O)CC34C ,402.48700000000025,2.560600000000001,97.74,3,0.0
CC(=O)CC(c1ccc(Cl)cc1)c2c(O)c3ccccc3oc2=O,342.7780000000001,4.263000000000003,67.50999999999999,4,0.6666666666666666
CCOP(=S)(OCC)Oc2ccc1oc(=O)c(Cl)c(C)c1c2,362.7710000000002,4.4311200000000035,57.9,6,0.4545454545454545
O=c2c(C3CCCc4ccccc43)c(O)c1ccccc1o2 ,292.33400000000006,3.966800000000003,50.44,1,0.7272727272727273
CCNc1nc(Cl)nc(NC(C)(C)C#N)n1,240.698,1.6708799999999997,86.52,4,0.375
CCSC(=O)N(CC)C1CCCCC1 ,215.3619999999999,3.5141000000000027,20.31,3,0.0
CCC1(C(=O)NC(=O)NC1=O)C2=CCCCC2 ,236.27099999999993,1.2492,75.27000000000001,2,0.0
O=C2NC(=O)C1(CCC1)C(=O)N2,168.15200000000002,-0.4773,75.27,0,0.0
C1CCCCCC1,98.189,2.7307000000000015,0.0,0,0.0
OC1CCCCCC1,114.188,1.7015,20.23,0,0.0
C1CCC=CCC1,96.173,2.5067000000000004,0.0,0,0.0
O=C2NC(=O)C1(CCCCCC1)C(=O)N2 ,210.233,0.6929999999999998,75.27,0,0.0
C1CCCCC1,84.162,2.3406,0.0,0,0.0
OC1CCCCC1,100.161,1.3114,20.23,0,0.0
O=C1CCCCC1,98.145,1.5196,17.07,0,0.0
C1CCC=CC1,82.146,2.1166,0.0,0,0.0
CC1CC(C)C(=O)C(C1)C(O)CC2CC(=O)NC(=O)C2 ,281.35200000000003,1.0415,83.47,3,0.0
O=C2NC(=O)C1(CCCCC1)C(=O)N2,196.206,0.3029,75.27,0,0.0
C1CCCCCCC1,112.216,3.120800000000002,0.0,0,0.0
OC1CCCCCCC1,128.215,2.0915999999999997,20.23,0,0.0
O=C2NC(=O)C1(CCCCCCC1)C(=O)N2,224.25999999999996,1.0831,75.27,0,0.0
C1CCCC1,70.135,1.9505,0.0,0,0.0
C1CC=CC1,68.11900000000001,1.7265,0.0,0,0.0
O=C2NC(=O)C1(CCCC1)C(=O)N2,182.179,-0.0872000000000001,75.27,0,0.0
O=C2NC(=O)C1(CC1)C(=O)N2 ,154.125,-0.8674000000000002,75.27,0,0.0
CN(C)C(=O)NC1CCCCCCC1,198.30999999999992,2.3705,32.34,1,0.0
CC1(C)C(C=C(Cl)Cl)C1C(=O)OC(C#N)c2ccc(F)c(Oc3ccccc3)c2,434.29400000000015,6.317080000000003,59.32000000000001,6,0.4137931034482758
CC1(C)C(C=C(Cl)C(F)(F)F)C1C(=O)OC(C#N)c2cccc(Oc3ccccc3)c2,449.8560000000001,6.543980000000005,59.32000000000001,6,0.3870967741935484
CC1(C)C(C=C(Cl)Cl)C1C(=O)OC(C#N)c2cccc(Oc3ccccc3)c2,416.30400000000014,6.177980000000004,59.32000000000001,6,0.4285714285714285
Nc1cc[nH]c(=O)n1 ,111.104,-0.6479000000000001,71.77000000000001,0,0.75
CC23Cc1cnoc1C=C2CCC4C3CCC5(C)C4CCC5(O)C#C,337.4630000000001,4.221000000000004,46.260000000000005,0,0.2
Nc1ccc(cc1)S(=O)(=O)c2ccc(N)cc2,248.307,1.6838000000000002,86.18,2,0.7058823529411765
ClC(Cl)C(c1ccc(Cl)cc1)c2ccc(Cl)cc2,320.04600000000005,5.929000000000003,0.0,3,0.6666666666666666
ClC(Cl)=C(c1ccc(Cl)cc1)c2ccc(Cl)cc2,318.0300000000001,6.187900000000003,0.0,2,0.6666666666666666
Clc1ccc(cc1)C(c2ccc(Cl)cc2)C(Cl)(Cl)Cl,354.491,6.495500000000002,0.0,2,0.631578947368421
C1CCC2CCCCC2C1,138.254,3.3668000000000022,0.0,0,0.0
CCCCSP(=O)(SCCCC)SCCCC,314.5220000000001,6.694400000000005,17.07,12,0.0
CC1(C)C(C=C(Br)Br)C1C(=O)OC(C#N)c2cccc(Oc3ccccc3)c2,505.20600000000024,6.490180000000005,59.32000000000001,6,0.4285714285714285
CC12CCC3C(CCC4=CC(=O)CCC34C)C2CCC1C(=O)CO,330.4680000000001,3.695900000000003,54.370000000000005,2,0.0
CC(=O)OCC(=O)C3CCC4C2CCC1=CC(=O)CCC1(C)C2CCC34C ,372.5050000000002,4.266700000000004,60.440000000000005,3,0.0
CCOC(=O)Nc2cccc(OC(=O)Nc1ccccc1)c2 ,300.314,3.8659000000000017,76.66,4,0.5454545454545454
CC1CC2C3CCC4=CC(=O)C=CC4(C)C3(F)C(O)CC2(C)C1(O)C(=O)CO,392.4670000000002,1.8957,94.83,2,0.0
CC4CC3C2CCC1=CC(=O)C=CC1(C)C2(F)C(O)CC3(C)C4(O)C(=O)COC(C)=O ,434.5040000000003,2.466500000000001,100.9,3,0.0
CC2(C)C1CCC(C)(C1)C2=O,152.237,2.401700000000001,17.07,0,0.0
CCCCC(CC)COC(=O)c1ccccc1C(=O)OCC(CC)CCCC,390.5640000000003,6.433000000000007,52.60000000000001,14,0.2142857142857142
CCOP(=S)(OCC)SC(CCl)N1C(=O)c2ccccc2C1=O,393.85400000000016,3.878200000000003,55.84,8,0.2608695652173913
CCOP(=S)(OCC)SC(CCl)N2C(=O)c1ccccc1C2=O,393.85400000000016,3.878200000000003,55.84,8,0.2608695652173913
CC(C)N(C(C)C)C(=O)SCC(=CCl)Cl,270.225,4.277400000000004,20.31,4,0.0
CN2C(=O)CN=C(c1ccccc1)c3cc(Cl)ccc23,284.74600000000004,3.153800000000002,32.67,1,0.6
CCOP(=S)(OCC)Oc1cc(C)nc(n1)C(C)C,304.35200000000003,3.5847200000000026,53.47,7,0.3157894736842105
o1c2ccccc2c3ccccc13,168.195,3.586000000000002,13.14,0,1.0
c1ccc2c(c1)sc3ccccc23,184.263,4.054500000000002,0.0,0,1.0
BrCBr,173.83499999999998,1.7337,0.0,0,0.0
CCCCOCCCC,130.231,2.603200000000001,9.23,6,0.0
CCCCOC(=O)CCCCCCCCC(=O)OCCCC,314.46600000000007,4.7938000000000045,52.60000000000001,15,0.0
CCCCOC(=O)c1ccccc1C(=O)OCCCC ,278.348,3.600400000000003,52.60000000000001,8,0.3
COP(=S)(OC)Oc1ccc(cc1Cl)N(=O)=O,297.656,3.144300000000002,70.83000000000001,5,0.3529411764705882
ClCCl,84.93299999999999,1.4215,0.0,0,0.0
Oc1ccc(Cl)cc1Cc2cc(Cl)ccc2O,269.127,3.9954000000000023,40.46,2,0.7058823529411765
OC(c1ccc(Cl)cc1)(c2ccc(Cl)cc2)C(Cl)(Cl)Cl,370.49,5.599500000000002,20.23,2,0.6
ClC4=C(Cl)C5(Cl)C3C1CC(C2OC12)C3C4(Cl)C5(Cl)Cl,380.913,4.481400000000002,12.53,0,0.0
CC=C(C(=CC)c1ccc(O)cc1)c2ccc(O)cc2,266.34,4.604600000000004,40.46,3,0.6
ClC1=C(Cl)C(Cl)(C(=C1Cl)Cl)C2(Cl)C(=C(Cl)C(=C2Cl)Cl)Cl,474.64,7.725599999999999,0.0,1,0.0
CCOCC,74.123,1.0428000000000002,9.23,2,0.0
CCOC(=O)c1ccccc1C(=O)OCC,222.23999999999995,2.04,52.60000000000001,4,0.375
CCSCC,90.191,1.7594,0.0,2,0.0
CCSSCC,122.258,2.4076000000000004,0.0,3,0.0
CCC(=C(CC)c1ccc(O)cc1)c2ccc(O)cc2 ,268.356,4.828600000000005,40.46,4,0.6
COc2ccc(Oc1ccc(NC(=O)N(C)C)cc1)cc2,286.331,3.581000000000002,50.8,4,0.5714285714285714
Fc1cccc(F)c1C(=O)NC(=O)Nc2ccc(Cl)cc2,310.687,3.5801000000000016,58.2,2,0.5714285714285714
CC1OC(CC(O)C1O)OC2C(O)CC(OC2C)OC8C(O)CC(OC7CCC3(C)C(CCC4C3CCC5(C)C(CCC45O)C6=CC(=O)OC6)C7)OC8C ,764.9499999999999,3.247300000000002,182.83,7,0.0
CC1OC(CC(O)C1O)OC2C(O)CC(OC2C)OC8C(O)CC(OC7CCC3(C)C(CCC4C3CC(O)C5(C)C(CCC45O)C6=CC(=O)OC6)C7)OC8C ,780.9490000000001,2.2181000000000015,203.05999999999997,7,0.0
CCCCCCOC(=O)c1ccccc1C(=O)OCCCCCC,334.45600000000024,5.160800000000005,52.60000000000001,12,0.25
ICI,267.835,1.8139,0.0,0,0.0
c1(C(=O)OCCCCCC(C)(C))c(C(=O)OCCCCCC(C)(C))cccc1,390.5640000000002,6.433000000000008,52.60000000000001,14,0.2142857142857142
CC(C)OC(C)C,102.177,1.8198,9.23,2,0.0
CC(C)SC(C)C,118.245,2.5364000000000004,0.0,2,0.0
CCN(CC)C(=O)C(=CCOP(=O)(OC)OC)Cl,299.6909999999999,2.3950000000000005,65.07000000000001,8,0.0
CN(C)C(=O)Nc1ccc(c(Cl)c1)n2nc(oc2=O)C(C)(C)C,338.79500000000013,2.8699000000000012,80.37,2,0.4782608695652174
CN(C)C(=O)OC1=CC(=O)CC(C)(C)C1 ,211.2609999999999,1.9576,46.61,1,0.0
CCCCc1c(C)nc(nc1O)N(C)C ,209.293,1.89922,49.25000000000001,4,0.4
COCOC,76.095,0.2367,18.46,2,0.0
COC(=O)c1ccccc1C(=O)OC,194.18599999999995,1.2597999999999998,52.60000000000001,2,0.4285714285714285
CSC,62.137,0.9792,0.0,0,0.0
CSSC,94.204,1.6274,0.0,1,0.0
CCN(CC)c1c(cc(c(N)c1N(=O)=O)C(F)(F)F)N(=O)=O,322.243,2.9502000000000006,115.54000000000002,5,0.2727272727272727
CCC(C)c1cc(cc(N(=O)=O)c1O)N(=O)=O ,240.21499999999995,2.7221000000000024,106.51000000000002,4,0.3529411764705882
OC1C(O)C(O)C(O)C(O)C1O,180.156,-3.834600000000001,121.38,0,0.0
CCCSCCC,118.245,2.539600000000001,0.0,4,0.0
CCCCCCCCOC(=O)c1ccccc1C(=O)OCCCCCCCC ,390.5640000000003,6.721200000000008,52.60000000000001,16,0.2142857142857142
C1C(O)CCC2(C)CC3CCC4(C)C5(C)CC6OCC(C)CC6OC5CC4C3C=C21,414.63000000000017,5.508800000000006,38.69,0,0.0
CNC(=O)Oc1ccccc1C2OCCO2,223.22799999999995,1.4502,56.790000000000006,2,0.375
CN(C)C(=O)C(c1ccccc1)c2ccccc2 ,239.318,2.9067000000000016,20.31,3,0.6666666666666666
O(c1ccccc1)c2ccccc2,170.211,3.478900000000002,9.23,2,0.9230769230769232
N(c1ccccc1)c2ccccc2,169.227,3.430200000000002,12.03,2,0.9230769230769232
C(c1ccccc1)c2ccccc2,168.239,3.277400000000002,0.0,2,0.9230769230769232
CCCOCCC,102.177,1.823,9.23,4,0.0
CCN(CC)C(=S)SSC(=S)N(CC)CC,296.5520000000001,3.621200000000002,6.48,4,0.0
CCOP(=S)(OCC)SCCSCC,274.413,3.770200000000002,18.46,9,0.0
CCOP(=S)(OCC)N2C(=O)c1ccccc1C2=O,299.28800000000007,2.5801000000000007,55.84,5,0.3157894736842105
CN(C)C(=O)Nc1ccc(Cl)c(Cl)c1,233.098,3.0869000000000018,32.34,1,0.4285714285714285
CC1=CCC(CC1)C(C)=C,136.238,3.308900000000002,0.0,1,0.0
Cc1cc(cc(N(=O)=O)c1O)N(=O)=O,198.134,1.5170200000000005,106.51000000000002,2,0.4285714285714285
CCOc1ccc(NC(N)=O)cc1,180.20699999999997,1.5759,64.35,3,0.4615384615384615
Cn2c(=O)n(C)c1ncn(CC(O)CO)c1c2=O,254.24599999999995,-2.2130999999999985,102.28,3,0.5
CCCCCCCCCCCCCCCCCCCC,282.5559999999999,8.048000000000007,0.0,17,0.0
ClC4=C(Cl)C5(Cl)C3C1CC(C2OC12)C3C4(Cl)C5(Cl)Cl,380.913,4.481400000000002,12.53,0,0.0
CC34CCC1C(CCC2CC(O)CCC12C)C3CCC4=O,290.447,3.959100000000003,37.3,0,0.0
CC45CCC2C(CCC3CC1SC1CC23C)C4CCC5O,306.51500000000004,4.483900000000005,20.23,0,0.0
CC34CCc1c(ccc2cc(O)ccc12)C3CCC4=O,266.34,3.9444000000000026,37.3,0,0.5
CC34CCC1C(=CCc2cc(O)ccc12)C3CCC4=O,268.356,3.7375000000000025,37.3,0,0.3
Oc2cc(O)c1C(=O)CC(Oc1c2)c3ccc(O)c(O)c3,288.255,2.2155000000000005,107.22,1,0.5714285714285714
OCC(O)C(O)CO,122.12,-2.3071999999999995,80.92,3,0.0
CC12CCC3C(CCc4cc(O)ccc34)C2CCC1O,272.388,3.609200000000002,40.46,0,0.3
c1(OC)ccc(CC=C)cc1,148.205,2.4237,9.23,3,0.5454545454545454
CC34CCC1C(CCc2cc(O)ccc12)C3CC(O)C4O ,288.387,2.5800000000000005,60.69,0,0.2857142857142857
CC12CCC3C(CCc4cc(O)ccc34)C2CCC1=O,270.372,3.817400000000003,37.3,0,0.3
CCN(CC(C)=C)c1c(cc(cc1N(=O)=O)C(F)(F)F)N(=O)=O,333.266,3.924200000000003,89.51999999999998,6,0.2608695652173913
CC,30.07,1.0262,0.0,0,0.0
CCS,62.137,0.9361,0.0,0,0.0
CCO,46.069,-0.0014,20.23,0,0.0
CC34CCC1C(CCc2cc(O)ccc12)C3CCC4(O)C#C ,296.41,3.6126000000000023,40.46,0,0.2727272727272727
CCSCc1ccccc1OC(=O)NC ,225.313,2.6579000000000006,38.33,4,0.4
CCOP(=S)(OCC)SCSP(=S)(OCC)OCC,384.4870000000002,5.005300000000004,36.92,12,0.0
CCCCc1c(C)nc(NCC)[nH]c1=O,209.293,1.85272,57.78,5,0.4
CC12CCC(=O)C=C1CCC3C2CCC4(C)C3CCC4(O)C#C ,312.45300000000003,3.8826000000000023,37.3,0,0.0
CCOC2Oc1ccc(OS(C)(=O)=O)cc1C2(C)C,286.34900000000005,2.0576,61.830000000000005,4,0.3157894736842105
CCOC2Oc1ccc(OS(C)(=O)=O)cc1C2(C)C,286.34900000000005,2.0576,61.830000000000005,4,0.3157894736842105
CCOc2ccc1nc(sc1c2)S(N)(=O)=O ,258.324,1.3424,82.28,3,0.5625
CCOC(=O)C,88.106,0.5694,26.3,1,0.0
CCOC(=O)c1ccccc1,150.177,1.8633,26.3,2,0.5454545454545454
CCCCCOC(=O)CC,144.21399999999997,2.1298000000000004,26.3,5,0.0
CCOC(=O)C=Cc1ccccc1,176.215,2.2629,26.3,3,0.4615384615384615
CCCCCCCCCC(=O)OCC,200.32199999999995,3.6902000000000026,26.3,9,0.0
CCOC=O,74.07900000000001,0.1793,26.3,2,0.0
CCCCCCC(=O)OCC,158.241,2.5199000000000007,26.3,6,0.0
CCCCCC(=O)OCC,144.21399999999997,2.1298000000000004,26.3,5,0.0
CCCCCCCCC(=O)OCC,186.295,3.3001000000000023,26.3,8,0.0
CCCCCCCC(=O)OCC,172.26799999999997,2.910000000000001,26.3,7,0.0
CCCOC(=O)CCC,130.18699999999998,1.7397,26.3,4,0.0
CCOC(=O)CC,102.133,0.9595,26.3,2,0.0
CCCOCC,88.14999999999999,1.4329,9.23,3,0.0
CCOC=C,72.10700000000001,1.1664,9.23,2,0.0
CCc1ccccc1,106.16799999999996,2.249000000000001,0.0,1,0.75
CCC1CCCCC1,112.216,2.976700000000002,0.0,1,0.0
C=C,28.053999999999995,0.8022,0.0,0,0.0
CCOC(=O)c1ccc(N)cc1,165.19199999999998,1.4455,52.32,2,0.5
CCOC(=O)c1ccc(O)cc1,166.176,1.5689,46.53,2,0.5
C#C,26.037999999999997,0.2493999999999999,0.0,0,0.0
CCOc1ccc(cc1)C(C)(C)COCc3cccc(Oc2ccccc2)c3,376.496,6.372000000000007,27.69,9,0.6428571428571429
CCOC(=O)c1cncn1C(C)c2ccccc2,244.294,2.669100000000001,44.12,4,0.6111111111111112
COc1cc(cc(OC)c1O)C6C2C(COC2=O)C(OC4OC3COC(C)OC3C(O)C4O)c7cc5OCOc5cc67,588.5620000000001,1.338599999999999,160.83,5,0.2857142857142857
CC12CCC(CC1)C(C)(C)O2 ,154.253,2.7441000000000013,9.23,0,0.0
COc1cc(CC=C)ccc1O,164.204,2.1293,29.46,3,0.5
OC(c1ccc(Cl)cc1)(c2cncnc2)c3ccccc3Cl,331.202,4.0676000000000005,46.010000000000005,3,0.8181818181818182
Cc1occc1C(=O)Nc2ccccc2,201.225,2.840320000000001,42.24,2,0.7333333333333333
COP(=S)(OC)Oc1ccc(N(=O)=O)c(C)c1,277.238,2.7993200000000007,70.83000000000001,5,0.3529411764705882
CN(C)C(=O)SCCCCOc1ccccc1,253.367,3.2604000000000024,29.540000000000003,6,0.3529411764705882
CCOC(=O)NCCOc2ccc(Oc1ccccc1)cc2,301.34200000000004,3.6038000000000023,56.790000000000006,7,0.5454545454545454
CC1(C)C(C(=O)OC(C#N)c2cccc(Oc3ccccc3)c2)C1(C)C,349.43000000000006,5.268980000000004,59.32000000000001,5,0.4615384615384615
CCOP(=S)(OCC)Oc1ccc(cc1)S(C)=O ,308.36100000000005,3.1003000000000016,44.760000000000005,7,0.3333333333333333
COP(=S)(OC)Oc1ccc(SC)c(C)c1,278.335,3.6130200000000023,27.69,5,0.375
CN(C)C(=O)Nc1ccccc1,164.208,1.7801,32.34,1,0.5
OC(Cn1cncn1)(Cn2cncn2)c3ccc(F)cc3F ,306.276,0.7357999999999993,81.64999999999999,5,0.7272727272727273
CC(C)C(C(=O)OC(C#N)c1cccc(Oc2ccccc2)c1)c3ccc(OC(F)F)cc3,451.4690000000001,6.627980000000005,68.55000000000001,9,0.5454545454545454
Nc1nc(=O)[nH]cc1F,129.09399999999997,-0.5088000000000001,71.77,0,0.6666666666666666
CC34CC(O)C1(F)C(CCC2=CC(=O)CCC12C)C3CCC4(O)C(=O)CO ,380.4560000000002,1.8737,94.83,2,0.0
CC1CC2C3CC(F)C4=CC(=O)C=CC4(C)C3(F)C(O)CC2(C)C1(O)C(=O)CO,410.4570000000002,1.8436999999999997,94.83,2,0.0
CCN(Cc1c(F)cccc1Cl)c2c(cc(cc2N(=O)=O)C(F)(F)F)N(=O)=O,421.7340000000001,5.340800000000003,89.51999999999998,6,0.4285714285714285
CN(C)C(=O)Nc1cccc(c1)C(F)(F)F,232.20499999999996,2.7989000000000006,32.34,1,0.375
c1ccc2c(c1)c3cccc4cccc2c34,202.25599999999997,4.487200000000002,0.0,0,1.0
C1c2ccccc2c3ccccc13,166.22299999999998,3.257800000000002,0.0,0,0.9230769230769232
Fc1ccccc1,96.10399999999998,1.8257,0.0,0,0.8571428571428571
CC1CC2C3CCC(O)(C(=O)C)C3(C)CC(O)C2(F)C4(C)C=CC(=O)C=C14,376.4680000000002,2.923300000000001,74.6,1,0.0
CN(C)C(=O)Nc1cccc(c1)C(F)(F)F,232.20499999999996,2.7989000000000006,32.34,1,0.375
Cn2cc(c1ccccc1)c(=O)c(c2)c3cccc(c3)C(F)(F)F,329.32099999999997,4.738100000000002,22.0,2,0.75
FC(F)(F)c1cccc(c1)N2CC(CCl)C(Cl)C2=O,312.118,3.514400000000002,20.31,2,0.3157894736842105
OC(Cn1cncn1)(c2ccc(F)cc2)c3ccccc3F,301.296,2.492400000000001,50.94,4,0.7727272727272727
CC(C)C(Nc1ccc(cc1Cl)C(F)(F)F)C(=O)OC(C#N)c2cccc(Oc3ccccc3)c2,502.9200000000002,7.395680000000005,71.35,8,0.5142857142857142
CNC(=O)Oc1cccc(N=CN(C)C)c1,221.26,1.6262,53.93,3,0.375
COP(=S)(OC)SCC(=O)N(C)C=O,257.27299999999997,0.8516999999999999,55.84,6,0.0
OCC1OC(O)(CO)C(O)C1O,180.156,-3.2198,110.38,2,0.0
c1ccoc1,68.07499999999999,1.2795999999999998,13.14,0,1.0
O=Cc1ccco1,96.08499999999998,1.0920999999999998,30.21,1,0.7142857142857143
c1c(O)C2C(=O)C3cc(O)ccC3OC2cc1(OC),262.261,1.5528,75.99000000000001,1,0.0
OCC(O)COC(=O)c1ccccc1Nc2ccnc3cc(Cl)ccc23,372.80800000000016,3.141800000000001,91.68,6,0.6153846153846154
OCC1OC(O)C(O)C(O)C1O,180.156,-3.2214000000000005,110.38,1,0.0
CCC1(CCC(=O)NC1=O)c2ccccc2 ,217.268,1.771,46.17,2,0.375
OCC(O)CO,92.094,-1.6681,60.69,2,0.0
CC(=O)OCC(COC(=O)C)OC(=O)C,218.205,0.0442999999999997,78.9,5,0.0
COC1=CC(=O)CC(C)C13Oc2c(Cl)c(OC)cc(OC)c2C3=O,352.7700000000001,2.8103000000000007,71.06,3,0.25
COc1ccccc1O ,124.13899999999995,1.4008,29.46,1,0.6666666666666666
Nc2nc1[nH]cnc1c(=O)[nH]2 ,151.129,-0.7716000000000003,100.45,0,0.8181818181818182
FC(F)(F)C(Cl)Br ,197.381,2.5084999999999997,0.0,0,0.0
c1cc(O)c(O)c2OCC3(O)CC4=CC(=O)C(O)=CC4=C3c21,300.266,1.3295999999999997,107.22,0,0.2727272727272727
ClC1C=CC2C1C3(Cl)C(=C(Cl)C2(Cl)C3(Cl)Cl)Cl,373.3209999999999,5.2415,0.0,0,0.0
CCCCCCC,100.205,2.976700000000002,0.0,4,0.0
ClC(=C(Cl)C(=C(Cl)Cl)Cl)Cl,260.762,4.7574,0.0,1,0.0
ClC(Cl)(Cl)C(Cl)(Cl)Cl,236.74,3.7268,0.0,0,0.0
CCCCCCCCCCCCCCCCCCCCCCCCCC,366.7180000000002,10.388599999999991,0.0,23,0.0
CCCCCCCCCCCCCCCC,226.44799999999992,6.487600000000007,0.0,13,0.0
Cc1c(C)c(C)c(C)c(C)c1C,162.27599999999998,3.5371200000000025,0.0,0,0.5
CCCCCC,86.178,2.5866000000000007,0.0,3,0.0
CCC(C(CC)c1ccc(O)cc1)c2ccc(O)cc2,270.372,4.785200000000005,40.46,5,0.6
CCCCCCc1ccccc1,162.276,3.809400000000003,0.0,5,0.5
O=C1CNC(=O)N1 ,100.077,-1.1742,58.2,0,0.0
N(Nc1ccccc1)c2ccccc2 ,184.242,3.1256000000000013,24.06,3,0.8571428571428571
c1ccccc1C(O)C(O)c2ccccc2,214.264,2.4536000000000007,40.46,3,0.75
NS(=O)(=O)c2cc1c(NCNS1(=O)=O)cc2Cl ,297.745,-0.3512999999999994,118.36,1,0.3529411764705882
CC12CC(O)C3C(CCC4=CC(=O)CCC34C)C2CCC1(O)C(=O)CO,362.4660000000002,1.7815999999999996,94.83,2,0.0
CC(=O)OCC(=O)C1(O)CCC2C3CCC4=CC(=O)CCC4(C)C3C(O)CC21C,404.5030000000002,2.3524000000000003,100.90000000000002,3,0.0
OC1C=CC2C1C3(Cl)C(=C(Cl)C2(Cl)C3(Cl)Cl)Cl ,354.8749999999999,3.995,20.23,0,0.0
CC(=O)C1(O)CCC2C3CCC4=CC(=O)CCC4(C)C3CCC21C,330.4680000000001,3.8384000000000023,54.37,1,0.0
O=c1[nH]cnc2nc[nH]c12 ,136.114,-0.3538,74.43,0,0.9
C1Cc2ccccc2C1,118.17899999999996,2.1753,0.0,0,0.6666666666666666
CC2Cc1ccccc1N2NC(=O)c3ccc(Cl)c(c3)S(N)(=O)=O ,365.842,2.0834,92.5,3,0.5
c2ccc1[nH]ncc1c2 ,118.13899999999998,1.5629,28.68,0,1.0
c2ccc1[nH]ccc1c2,117.15099999999995,2.1678999999999995,15.79,0,1.0
c2ccc1NCCc1c2 ,119.167,1.6545999999999998,12.03,0,0.6666666666666666
OCC1OC(C(O)C1O)n2cnc3c(O)ncnc23,268.22900000000004,-1.8566000000000005,133.75,2,0.4736842105263157
Ic1ccccc1,204.01,2.2912,0.0,0,0.8571428571428571
CCI,155.966,1.4413,0.0,0,0.0
COP(=S)(OC)Oc1cc(Cl)c(I)cc1Cl,413.0,4.494100000000002,27.69,4,0.375
CI,141.939,1.0512,0.0,0,0.0
Oc1c(I)cc(C#N)cc1I,370.915,2.4730799999999995,44.02,0,0.5454545454545454
CCN(CC)c1nc(Cl)nc(NC(C)C)n1,243.742,2.1914999999999996,53.940000000000005,5,0.375
CCOP(=S)(OCC)Oc1nc(Cl)n(n1)C(C)C,313.747,3.1887000000000016,58.4,7,0.2777777777777778
CC(C)COC(=O)C,116.15999999999998,1.2055,26.3,2,0.0
CC(C)COC=O,102.13299999999998,0.8154,26.3,3,0.0
CC(C)Cc1ccccc1,134.22199999999998,2.8851000000000013,0.0,2,0.6
C1N(C(=O)NCC(C)C)C(=O)NC1,185.227,0.3772000000000002,61.440000000000005,2,0.0
Cc1cc(no1)C(=O)NNCc2ccccc2,231.255,1.41762,67.16,4,0.6470588235294118
CCOP(=S)(NC(C)C)Oc1ccccc1C(=O)OC(C)C,345.4010000000002,3.8896000000000033,56.790000000000006,8,0.2727272727272727
Nc1nc(O)nc2nc[nH]c12 ,151.129,-0.3593,100.71,0,0.8181818181818182
c1nccc(C(=O)NN)c1,137.14200000000002,-0.3149000000000001,68.01,1,0.6
CC(C)CCOC(=O)C,130.18699999999998,1.5956,26.3,3,0.0
CC(C)CCOC=O,116.15999999999998,1.2055,26.3,4,0.0
CC1=CC(=O)CC(C)(C)C1 ,138.20999999999998,2.3218000000000005,17.07,0,0.0
CNC(=O)Oc1ccccc1C(C)C,193.246,2.528200000000001,38.33,2,0.4285714285714285
CCCN(CCC)c1c(cc(cc1N(=O)=O)C(C)C)N(=O)=O,309.36600000000004,4.252800000000004,89.51999999999998,8,0.2727272727272727
CC(C)OC(=O)C,102.133,0.9579,26.3,1,0.0
CC(C)OC=O,88.106,0.5678,26.3,2,0.0
CC(C)c1ccccc1,120.19499999999996,2.8100000000000014,0.0,1,0.6666666666666666
CC(C)c1ccc(NC(=O)N(C)C)cc1,206.289,2.903500000000001,32.34,2,0.4
c1ccc2cnccc2c1,129.16199999999998,2.2348,12.89,0,1.0
CN(C)C(=O)Nc1cccc(OC(=O)NC(C)(C)C)c1 ,279.34,2.6670000000000007,70.67,2,0.3
CC(=O)CCC1C(=O)N(N(C1=O)c2ccccc2)c3ccccc3,322.36400000000003,2.966800000000001,57.690000000000005,5,0.5
ClC1(C(=O)C2(Cl)C3(Cl)C14Cl)C5(Cl)C2(Cl)C3(Cl)C(Cl)(Cl)C45Cl,490.6390000000001,4.6182,17.07,0,0.0
COc2c1occc1c(OC)c3c(=O)cc(C)oc23 ,260.24499999999995,2.8648200000000017,61.81,2,0.6842105263157895
OCC1OC(OC2C(O)C(O)C(O)OC2CO)C(O)C(O)C1O,342.297,-5.397199999999993,189.52999999999997,4,0.0
C1OC(O)C(O)C(O)C1O,150.13,-2.5823000000000005,90.15,0,0.0
O=c2[nH]c1CCCc1c(=O)n2C3CCCCC3,234.29899999999995,1.5305,54.86,1,0.3529411764705882
CC(C)=CCCC(O)(C)C=C,154.253,2.6698000000000013,20.23,4,0.0
ClC1C(Cl)C(Cl)C(Cl)C(Cl)C1Cl,290.832,3.644400000000001,0.0,0,0.0
CON(C)C(=O)Nc1ccc(Cl)c(Cl)c1,249.097,3.0185000000000013,41.57,2,0.4
OC3N=C(c1ccccc1Cl)c2cc(Cl)ccc2NC3=O,321.163,3.101300000000001,61.690000000000005,1,0.5714285714285714
CCC(C)C(=O)OC2CC(C)C=C3C=CC(C)C(CCC1CC(O)CC(=O)O1)C23 ,404.54700000000025,4.195500000000004,72.83,6,0.0
CCOC(=O)CC(SP(=S)(OC)OC)C(=O)OCC,330.3640000000001,2.1218000000000004,71.06,9,0.0
CCOC(=O)CC(=O)OCC,160.16899999999998,0.5027,52.60000000000001,4,0.0
OCC1OC(OC2C(O)C(O)C(O)OC2CO)C(O)C(O)C1O,342.297,-5.397199999999993,189.52999999999997,4,0.0
OCC(O)C(O)C(O)C(O)CO ,182.172,-3.5854000000000004,121.38,5,0.0
Nc1cccc(Cl)c1,127.574,1.9222,26.02,0,0.75
Clc1cccc(Br)c1,191.455,3.102500000000001,0.0,0,0.75
Clc1cccc(I)c1,238.455,2.9446000000000003,0.0,0,0.75
Clc1cccc(c1)N(=O)=O,157.55599999999998,2.2482000000000006,43.14,1,0.6
COC(=O)Nc2nc1ccc(cc1[nH]2)C(=O)c3ccccc3,295.298,2.972200000000001,84.07999999999998,3,0.6818181818181818
CCOC(=O)N(C)C(=O)CSP(=S)(OCC)OCC,329.3800000000001,2.632000000000001,65.07000000000001,8,0.0
c1c(OC)c(OC)C2C(=O)OCC2c1,196.20199999999997,0.8497999999999999,44.760000000000005,2,0.0
CC(=O)C3(C)CCC4C2C=C(C)C1=CC(=O)CCC1(C)C2CCC34C,340.5070000000001,5.279700000000005,34.14,1,0.0
CN(C(=O)COc1nc2ccccc2s1)c3ccccc3,298.367,3.3381000000000016,42.43000000000001,4,0.7142857142857143
CC(=O)Nc1cc(NS(=O)(=O)C(F)(F)F)c(C)cc1C,310.297,2.52334,75.27000000000001,3,0.3
CC(=O)OC3(CCC4C2C=C(C)C1=CC(=O)CCC1(C)C2CCC34C)C(C)=O ,384.5160000000002,4.575300000000004,60.440000000000005,2,0.0
CC2=CC(=O)c1ccccc1C2=O ,172.18299999999996,2.0119,34.14,0,0.4615384615384615
CC(C)C1CCC(C)CC1O ,156.269,2.439500000000001,20.23,1,0.0
CC(C)C1CCC(C)CC1=O,154.253,2.6477000000000013,17.07,1,0.0
CCCC(C)(COC(N)=O)COC(N)=O ,218.25299999999996,0.9834000000000004,104.64,6,0.0
Sc2nc1ccccc1s2 ,167.25799999999998,2.585,12.89,0,0.9
COCC(=O)N(C(C)C(=O)OC)c1c(C)cccc1C ,279.336,1.84434,55.84,5,0.3
C,16.043,0.6361,0.0,0,0.0
CO,32.042,-0.3915,20.23,0,0.0
Cc1ccccc1n3c(C)nc2ccccc2c3=O,250.301,3.0025400000000015,34.89,1,0.8421052631578947
CCC1(CC)C(=O)NC(=O)N(C)C1=O ,198.222,0.5009999999999999,66.48,2,0.0
Cn2c(=O)on(c1ccc(Cl)c(Cl)c1)c2=O,261.064,1.4359999999999995,57.14,1,0.6875
COc1ccccc1OCC(O)COC(N)=O,241.2429999999999,0.5302000000000002,91.01,6,0.3529411764705882
COC(C)(C)CCCC(C)CC=CC(C)=CC(=O)OC(C)C,310.47800000000007,5.062000000000006,35.53,10,0.0
COCCCNc1nc(NC(C)C)nc(SC)n1,271.39,1.8622,71.96000000000001,8,0.3333333333333333
COc2c1occc1cc3ccc(=O)oc23 ,216.19199999999995,2.5478000000000005,52.58,1,0.8125
COc1ccc(cc1)C(c2ccc(OC)cc2)C(Cl)(Cl)Cl,345.6529999999999,5.205900000000002,18.46,4,0.5714285714285714
COC(=O)C,74.07900000000001,0.1792999999999999,26.3,0,0.0
COC(=O)C=C,86.09,0.3453999999999999,26.3,1,0.0
COC(=O)c1ccccc1,136.14999999999998,1.4732,26.3,1,0.6
CCCCOC,88.14999999999999,1.4329,9.23,3,0.0
CCCOC(=O)CC,116.15999999999998,1.3496,26.3,3,0.0
CCCCCCCCCC(=O)OC,186.295,3.3001000000000023,26.3,8,0.0
COC=O,60.05200000000001,-0.2108000000000001,26.3,1,0.0
COC(=O)c1cc(O)c(O)c(O)c1 ,184.147,0.5899999999999996,86.99000000000001,1,0.4615384615384615
CCCCCC(=O)OC,130.18699999999998,1.7397,26.3,4,0.0
CNN,46.073,-0.9205,38.05,0,0.0
CCCCCCCCCCCC(=O)OC,214.34899999999996,4.080300000000003,26.3,10,0.0
COC(=O)c1cccnc1 ,137.138,0.8681999999999999,39.19,1,0.6
CCCCCCCCC(=O)OC,172.268,2.910000000000001,26.3,7,0.0
CCCCCCCC(=O)OC,158.241,2.5199000000000007,26.3,6,0.0
CCCC(=O)OCC,116.15999999999998,1.3496,26.3,3,0.0
CCC(=O)OC,88.106,0.5694,26.3,1,0.0
CCCOC,74.12299999999999,1.0428,9.23,2,0.0
COC(C)(C)C,88.14999999999999,1.4313,9.23,0,0.0
CC1CCCCC1,98.189,2.5866000000000007,0.0,0,0.0
CC1CCCC1,84.162,2.1965000000000003,0.0,0,0.0
CN(C(=O)NC(C)(C)c1ccccc1)c2ccccc2,268.36,3.767700000000003,32.34,3,0.6
COC(=O)c1ccc(O)cc1,152.149,1.1788,46.53,1,0.5454545454545454
CC(=O)OC3(C)CCC4C2CCC1=CC(=O)CCC1(C)C2CCC34C ,344.4950000000001,4.840100000000005,43.370000000000005,1,0.0
Cc1cc(=O)[nH]c(=S)[nH]1,142.18300000000002,0.74091,48.65,0,0.6666666666666666
CCc1cccc(C)c1N(C(C)COC)C(=O)CCl ,283.7989999999999,3.164120000000002,29.54,6,0.3157894736842105
CC2Nc1cc(Cl)c(cc1C(=O)N2c3ccccc3C)S(N)(=O)=O ,365.8420000000001,2.7141199999999994,92.5,2,0.5
c1ccccc1(OC(=O)NC),151.165,1.4048,38.33,1,0.5454545454545454
COc1ccc(NC(=O)N(C)C)cc1Cl,228.67899999999997,2.4421,41.57,2,0.4
Cc1ncc(N(=O)=O)n1CCO ,171.15599999999998,0.0920199999999999,81.19,3,0.4166666666666667
CSc1nnc(c(=O)n1N)C(C)(C)C,214.294,0.3714999999999997,73.8,1,0.4285714285714285
Cc1ncc(N(=O)=O)n1CCO,171.15599999999998,0.0920199999999999,81.19,3,0.4166666666666667
Fc1cccc(Br)c1,175.0,2.5882000000000005,0.0,0,0.75
Nc1cc(nc(N)n1=O)N2CCCCC2 ,209.25299999999996,-0.1303000000000003,95.11,1,0.4
ClC1(C2(Cl)C3(Cl)C4(Cl)C5(Cl)C1(Cl)C3(Cl)Cl)C5(Cl)C(Cl)(Cl)C24Cl,545.5460000000002,6.222999999999999,0.0,0,0.0
Cc1cccc(N)c1,107.156,1.5772199999999998,26.02,0,0.75
Nc1cccc(c1)N(=O)=O,138.126,1.177,69.16,1,0.6
Oc1cccc(c1)N(=O)=O,139.11,1.3003999999999998,63.37,1,0.6
Cc1cccc(c1)N(=O)=O,137.138,1.90322,43.14,1,0.6
CON(C)C(=O)Nc1ccc(Cl)cc1,214.652,2.365100000000001,41.57,2,0.4285714285714285
COC(=O)c1ccccc1OC2OC(COC3OCC(O)C(O)C3O)C(O)C(O)C2O,446.405,-2.884799999999998,184.6,6,0.1935483870967742
CN(C)C(=O)Nc1ccc(Cl)cc1,198.653,2.4335000000000004,32.34,1,0.4615384615384615
Oc1ccc(c(O)c1)c3oc2cc(O)cc(O)c2c(=O)c3O ,302.23800000000006,1.9879999999999995,131.36,1,0.7272727272727273
Cc1cccc(C)c1,106.168,2.30344,0.0,0,0.75
CCN(CC)c1ccccc1,149.237,2.532800000000001,3.24,3,0.5454545454545454
CN(C)C(=O)C,87.12199999999999,0.0944999999999998,20.31,0,0.0
CN(C)c1ccccc1,121.18299999999996,1.7526,3.24,1,0.6666666666666666
COP(=O)(OC)OC(Br)C(Cl)(Cl)Br,380.784,3.651200000000001,44.760000000000005,5,0.0
CCN(CC)C(=O)C(C)Oc1cccc2ccccc12 ,271.36,3.475500000000002,29.540000000000003,5,0.5
c1ccc2cc3cc4ccccc4cc3cc2c1,228.294,5.146200000000003,0.0,0,1.0
c1ccc2ccccc2c1,128.17399999999995,2.839800000000001,0.0,0,1.0
CCCCN(C)C(=O)Nc1ccc(Cl)c(Cl)c1,275.179,4.257200000000004,32.34,4,0.3529411764705882
CC(C)=CCC/C(C)=C\CO,154.253,2.6714000000000016,20.23,4,0.0
CCNc1ccccc1,121.18299999999996,2.1184,12.03,2,0.6666666666666666
Cc3ccnc4N(C1CC1)c2ncccc2C(=O)Nc34 ,266.30400000000003,2.6512200000000004,58.120000000000005,1,0.6
Oc1ccc(Cl)cc1C(=O)Nc2ccc(cc2Cl)N(=O)=O,327.1230000000001,3.8595000000000006,92.47,3,0.5714285714285714
NC(=O)c1cccnc1 ,122.12699999999997,0.1805000000000001,55.98,1,0.6666666666666666
COC(=O)C1=C(C)NC(=C(C1c2ccccc2N(=O)=O)C(=O)OC)C ,346.33900000000017,2.1756,107.77,4,0.24
ON=Cc1ccc(o1)N(=O)=O ,156.09699999999998,0.9959,88.87,2,0.4545454545454545
CN2C(=O)CN=C(c1ccccc1)c3cc(ccc23)N(=O)=O,295.29800000000006,2.4086000000000007,75.81,2,0.5454545454545454
O=C1NCCN1c2ncc(s2)N(=O)=O,214.206,0.5808999999999999,88.37,2,0.3571428571428571
CCN(CC)c1c(cc(c(N)c1N(=O)=O)C(F)(F)F)N(=O)=O,322.243,2.9502000000000006,115.54000000000002,5,0.2727272727272727
Clc1cccc(n1)C(Cl)(Cl)Cl,230.909,3.5617,12.89,0,0.5454545454545454
O=C3CN=C(c1ccccc1)c2cc(ccc2N3)N(=O)=O,281.271,2.3842999999999996,84.6,2,0.5714285714285714
O=N(=O)c1ccccc1,123.11099999999996,1.5948,43.14,1,0.6666666666666666
CCN(=O)=O,75.067,0.2829999999999999,43.14,1,0.0
Clc2ccc(Oc1ccc(cc1)N(=O)=O)c(Cl)c2,284.09799999999996,4.693900000000003,52.37,3,0.6666666666666666
O=C2CN(N=Cc1ccc(o1)N(=O)=O)C(=O)N2 ,238.15899999999996,0.0734999999999999,118.04999999999998,3,0.2941176470588235
O=N(=O)OCC(CON(=O)=O)ON(=O)=O ,227.085,-1.0200999999999996,157.11,8,0.0
CN(=O)=O,61.040000000000006,-0.1071,43.14,0,0.0
CNc1ccccc1,107.15599999999998,1.7283,12.03,1,0.75
CCCCCCCCC,128.259,3.7569000000000026,0.0,6,0.0
OC(C1=CC2C5C(C1C2=C(c3ccccc3)c4ccccn4)C(=O)NC5=O)(c6ccccc6)c7ccccn7 ,511.5810000000002,4.289400000000002,92.18,5,0.6153846153846154
CN(C)C(=O)NC1CC2CC1C3CCCC23,222.3319999999999,2.0822999999999996,32.34,1,0.0
CC(=O)OC3(CCC4C2CCC1=CC(=O)CCC1C2CCC34C)C#C,340.4630000000001,4.0633000000000035,43.370000000000005,1,0.0
CC34CCC1C(CCC2=CC(=O)CCC12O)C3CCC4(O)C#C,314.42500000000007,2.607400000000001,57.53,0,0.0
CNc2cnn(c1cccc(c1)C(F)(F)F)c(=O)c2Cl,303.67100000000005,2.946400000000001,46.92,2,0.6
ClC(Cl)C(c1ccc(Cl)cc1)c2ccccc2Cl ,320.04600000000005,5.929000000000003,0.0,3,0.6666666666666666
Nc1ccccc1O,109.128,0.9744,46.25,0,0.75
Nc1ccccc1Cl,127.574,1.9222,26.02,0,0.75
Clc1ccccc1Br,191.455,3.1025,0.0,0,0.75
Clc1ccccc1I,238.455,2.9446000000000003,0.0,0,0.75
Clc1ccccc1N(=O)=O,157.55599999999998,2.2482,43.14,1,0.6
CCCCCCCC,114.232,3.3668000000000022,0.0,5,0.0
CCOC(=O)N,89.09400000000001,0.1016000000000001,52.32,1,0.0
Fc1ccccc1Br,175.0,2.5882000000000005,0.0,0,0.75
NC(=O)c1ccccc1O,137.13799999999998,0.4911,63.32000000000001,1,0.6
COc1ccccc1O,124.13899999999995,1.4008,29.46,1,0.6666666666666666
Nc1ccccc1N(=O)=O,138.126,1.177,69.16,1,0.6
COc1ccccc1N(=O)=O,153.13699999999997,1.6033999999999995,52.37,2,0.5454545454545454
Oc1ccccc1N(=O)=O,139.11,1.3004000000000002,63.37,1,0.6
Cc1ccccc1N(=O)=O,137.138,1.90322,43.14,1,0.6
CCCN(CCC)c1c(cc(cc1N(=O)=O)S(N)(=O)=O)N(=O)=O,346.3650000000001,1.7768000000000002,149.67999999999998,8,0.2608695652173913
c1cc2ccc(OC)c(CC=C(C)(C))c2oc1=O ,244.2899999999999,3.3103000000000025,39.44,3,0.5555555555555556
Cc1ccccc1N,107.156,1.57722,26.02,0,0.75
CC(C)Oc1cc(c(Cl)cc1Cl)n2nc(oc2=O)C(C)(C)C,345.22600000000017,4.217000000000003,57.26,3,0.5
CNC(=O)ON=C(SC)C(=O)N(C)C,219.266,0.1070999999999999,70.99999999999999,1,0.0
OC3N=C(c1ccccc1)c2cc(Cl)ccc2NC3=O ,286.718,2.4478999999999997,61.690000000000005,1,0.6
CC1=C(C(=O)Nc2ccccc2)S(=O)(=O)CCO1,267.306,1.3016,72.47,2,0.3333333333333333
Cc1ccccc1C,106.168,2.30344,0.0,0,0.75
CCCCC1C(=O)N(N(C1=O)c2ccc(O)cc2)c3ccccc3 ,324.38000000000005,3.493400000000002,60.85000000000001,5,0.5
Nc1ccc(cc1)c2ccc(N)cc2,184.242,2.518,52.04,1,0.8571428571428571
ClC(Cl)C(c1ccc(Cl)cc1)c2ccc(Cl)cc2 ,320.04600000000005,5.929000000000003,0.0,3,0.6666666666666666
ClC(Cl)=C(c1ccc(Cl)cc1)c2ccc(Cl)cc2,318.0300000000001,6.187900000000003,0.0,2,0.6666666666666666
Nc1ccc(O)cc1,109.128,0.9744,46.25,0,0.75
O=C1NC(=O)C(=O)N1 ,114.06,-1.6476000000000002,75.27,0,0.0
CCOP(=S)(OCC)Oc1ccc(cc1)N(=O)=O,291.26500000000004,3.2711000000000023,70.83000000000001,7,0.3333333333333333
Nc1ccc(cc1)c2ccc(N)cc2,184.242,2.518,52.04,1,0.8571428571428571
CC(=O)Nc1ccc(Br)cc1,214.062,2.4075,29.1,1,0.5454545454545454
Brc1ccc(I)cc1,282.90599999999995,3.053700000000001,0.0,0,0.75
CC(=O)Nc1ccc(Cl)cc1,169.611,2.2984,29.1,1,0.5454545454545454
Nc1ccc(Cl)cc1,127.574,1.9222,26.02,0,0.75
Clc1ccc(Br)cc1,191.455,3.102500000000001,0.0,0,0.75
Clc1ccc(I)cc1,238.455,2.944600000000001,0.0,0,0.75
Clc1ccc(cc1)N(=O)=O,157.55599999999998,2.2482000000000006,43.14,1,0.6
Cc1ccc(O)cc1,108.14,1.7006199999999998,20.23,0,0.75
CCCCN(CC)C(=O)SCCC,203.35099999999997,3.3716000000000026,20.31,6,0.0
Clc1ccc(CN(C2CCCC2)C(=O)Nc3ccccc3)cc1,328.84299999999996,5.316700000000004,32.34,4,0.5217391304347826
Clc1cc(Cl)c(Cl)c(Cl)c1Cl,250.339,4.9536,0.0,0,0.5454545454545454
ClC(Cl)C(Cl)(Cl)Cl,202.295,3.1603000000000003,0.0,0,0.0
Oc1c(Cl)c(Cl)c(Cl)c(Cl)c1Cl,266.33799999999997,4.6592,20.23,0,0.5
Cc1cc(C)c(C)c(C)c1C,148.249,3.2287000000000017,0.0,0,0.5454545454545454
CCCCC,72.151,2.1965000000000003,0.0,2,0.0
O=C1NC(=O)NC(=O)C1(CC)C(C)CCC,226.27599999999995,1.1849999999999992,75.27000000000001,4,0.0
CCCCCOC(=O)C,130.18699999999998,1.7397,26.3,4,0.0
CCCCC(=O)OCC,130.18699999999998,1.7397,26.3,4,0.0
CCCCCc1ccccc1,148.249,3.4193000000000024,0.0,4,0.5454545454545454
CCCCCC1CCCC1,140.26999999999998,3.7569000000000026,0.0,4,0.0
Cc1cc(ccc1NS(=O)(=O)C(F)(F)F)S(=O)(=O)c2ccccc2,379.381,3.0893200000000016,80.31,4,0.5
CC1(C)C(C=C(Cl)Cl)C1C(=O)OCc2cccc(Oc3ccccc3)c2,391.2940000000001,6.113300000000004,35.53,6,0.4615384615384615
c1cc2cccc3c4cccc5cccc(c(c1)c23)c54,252.31599999999997,5.737200000000003,0.0,0,1.0
CC(=O)Nc1ccc(F)cc1,153.156,1.7840999999999998,29.1,1,0.5454545454545454
CCOc1ccc(NC(=O)C)cc1,179.219,2.0437,38.33,3,0.4615384615384615
c1ccc2c(c1)ccc3ccccc32,178.23399999999998,3.993000000000002,0.0,0,1.0
c1ccc2c(c1)cnc3ccccc23 ,179.22199999999998,3.388000000000001,12.89,0,1.0
CCOc1ccccc1,122.16699999999996,2.0853,9.23,2,0.6666666666666666
COC(=O)Nc1cccc(OC(=O)Nc2cccc(C)c2)c1,300.314,3.784220000000002,76.66,3,0.5454545454545454
CCC1(C(=O)NC(=O)NC1=O)c2ccccc2 ,232.239,0.7003999999999997,75.27000000000001,2,0.3529411764705882
c1ccccc1O,94.113,1.3922,20.23,0,0.8571428571428571
Oc1ccc(cc1)C2(OC(=O)c3ccccc23)c4ccc(O)cc4 ,318.32800000000003,3.560100000000002,66.76,2,0.75
CC(C)=CC3C(C(=O)OCc2cccc(Oc1ccccc1)c2)C3(C)C ,350.4580000000001,5.760500000000005,35.53,6,0.4615384615384615
CCCCC1C(=O)N(N(C1=O)c2ccccc2)c3ccccc3 ,308.38100000000003,3.7878000000000025,40.620000000000005,5,0.5217391304347826
NNc1ccccc1,108.14399999999998,0.9722000000000002,38.05,1,0.75
OCc1ccccc1,108.13999999999996,1.1789,20.23,1,0.75
NC(=S)Nc1ccccc1,152.22199999999998,1.3421,38.05,1,0.6
O=C1NC(=O)C(N1)(c2ccccc2)c3ccccc3,252.273,1.7695999999999998,58.2,2,0.631578947368421
CCOP(=S)(OCC)SCSCC,260.38599999999997,3.727700000000003,18.46,8,0.0
CCOP(=S)(OCC)SCn1c(=O)oc2cc(Cl)ccc12,367.8160000000001,4.236100000000003,53.6,7,0.4285714285714285
CCOP(=S)(OCC)ON=C(C#N)c1ccccc1,298.304,3.228380000000002,63.84,7,0.3157894736842105
c1cC2C(=O)NC(=O)C2cc1,149.149,0.0011999999999999,46.17,0,0.0
O=C1NC(=O)c2ccccc12 ,147.13299999999998,0.5702,46.17,0,0.5454545454545454
N#Cc1ccccc1C#N,128.13399999999996,1.42996,47.58,0,0.6
CC(=O)Nc1ccc(O)cc1,151.165,1.3505999999999998,49.33,1,0.5454545454545454
Oc1ccc(C=O)cc1,122.12299999999998,1.2047,37.3,1,0.6666666666666666
c1ccc2c(c1)ccc3c2ccc4c5ccccc5ccc43,278.354,6.299400000000004,0.0,0,1.0
O=C(C=CC=Cc2ccc1OCOc1c2)N3CCCCC3,285.343,2.997200000000001,38.77,3,0.2857142857142857
O=Cc2ccc1OCOc1c2 ,150.13299999999998,1.2278,35.53,1,0.5454545454545454
CCCOP(=S)(OCCC)SCC(=O)N1CCCCC1C,353.4900000000001,4.198300000000004,38.77,9,0.0
CN(C)C(=O)Oc1nc(nc(C)c1C)N(C)C,238.29099999999997,1.2198399999999998,58.56000000000001,2,0.3529411764705882
CN2C(=C(O)c1ccccc1S2(=O)=O)C(=O)Nc3ccccn3 ,331.353,1.5810000000000002,99.6,2,0.5217391304347826
COc1ccc(C=O)cc1,136.14999999999998,1.5076999999999998,26.3,2,0.6
Cc1ccc(N)cc1,107.156,1.5772199999999998,26.02,0,0.75
Nc1ccc(cc1)N(=O)=O,138.126,1.177,69.16,1,0.6
COc1ccc(cc1)N(=O)=O,153.13699999999997,1.6033999999999995,52.37,2,0.5454545454545454
Oc1ccc(cc1)N(=O)=O,139.11,1.3003999999999998,63.37,1,0.6
Cc1ccc(cc1)N(=O)=O,137.138,1.90322,43.14,1,0.6
Oc1ccc(cc1)c2ccccc2,170.211,3.0592000000000015,20.23,1,0.9230769230769232
CC34CCC1C(CC=C2CC(O)CCC12C)C3CCC4=O,288.43100000000004,3.879200000000002,37.3,0,0.0
CC12CC(O)C3C(CCC4=CC(=O)C=CC34C)C2CCC1(O)C(=O)CO,360.4500000000002,1.5576,94.83,2,0.0
CC(=O)OCC(=O)C3(O)CCC4C2CCC1=CC(=O)C=CC1(C)C2C(O)CC34C ,402.48700000000014,2.1284,100.90000000000002,3,0.0
CC(=O)C3CCC4C2CC=C1CC(O)CCC1(C)C2CCC34C ,316.48500000000007,4.515300000000004,37.3,1,0.0
CCC1(C(=O)NCNC1=O)c2ccccc2,218.256,0.5378999999999994,58.2,2,0.375
CCC1(C(C)C)C(=O)NC(=O)NC1=O ,198.222,0.4047999999999999,75.27000000000001,2,0.0
CC12CC2(C)C(=O)N(C1=O)c3cc(Cl)cc(Cl)c3,284.142,3.2829000000000024,37.38,1,0.3333333333333333
CC(=O)C1CCC2C3CCC4=CC(=O)CCC4(C)C3CCC12C,314.46900000000005,4.723500000000005,34.14,1,0.0
COc1nc(NC(C)C)nc(NC(C)C)n1,225.296,1.5208,71.96000000000001,5,0.375
CSc1nc(NC(C)C)nc(NC(C)C)n1,241.364,2.2341,62.73,5,0.375
CC(C)N(C(=O)CCl)c1ccccc1 ,211.69200000000004,2.666800000000001,20.31,3,0.4285714285714285
CCC,44.096999999999994,1.4163,0.0,0,0.0
CCC(=O)Nc1ccc(Cl)c(Cl)c1,218.08299999999997,3.3419000000000016,29.1,2,0.4615384615384615
CC(C)Nc1nc(Cl)nc(NC(C)C)n1,229.71500000000003,2.1655999999999995,62.73,4,0.4
CCNP(=S)(OC)OC(=CC(=O)OC(C)C)C,281.314,2.3388,56.790000000000006,7,0.0
CCCC1COC(Cn2cncn2)(O1)c3ccc(Cl)cc3Cl,342.2260000000001,3.653400000000003,49.17,5,0.5
CCC=O,58.08,0.5952999999999999,17.07,1,0.0
CCC#N,55.07999999999999,0.91998,23.79,0,0.0
CNC(=O)Oc1ccccc1OC(C)C,209.245,2.192,47.56,3,0.4
CCCOC(=O)C,102.13299999999998,0.9595,26.3,2,0.0
CCCC(=O)OC,102.13299999999998,0.9595,26.3,2,0.0
CCCOC=O,88.10599999999998,0.5694,26.3,3,0.0
CCCCC(=O)OC,116.15999999999998,1.3496,26.3,3,0.0
CCCc1ccccc1,120.19499999999996,2.639100000000001,0.0,2,0.6666666666666666
CCCC1CCCC1,112.216,2.976700000000002,0.0,2,0.0
CC=C,42.081,1.1923,0.0,0,0.0
CCCOC(C)C,102.17699999999998,1.8214,9.23,3,0.0
CC#C,40.065000000000005,0.6395,0.0,0,0.0
CC(C)(C)c1ccc(O)cc1,150.22099999999998,2.689700000000001,20.23,0,0.5454545454545454
c2cnc1ncncc1n2,132.12599999999998,0.4197999999999998,51.56,0,1.0
c1ccc(cc1)c2ccc(cc2)c3ccccc3,230.31,5.0206000000000035,0.0,2,1.0
Cc1ccc(cc1)S(=O)(=O)N,171.22099999999998,0.6424200000000001,60.16,1,0.5454545454545454
Cc1ccc(C)cc1,106.168,2.30344,0.0,0,0.75
CC1=C(CCCO1)C(=O)Nc2ccccc2 ,217.26800000000003,2.709500000000001,38.33,2,0.375
NC(=O)c1cnccn1,123.11499999999998,-0.4245000000000001,68.87,1,0.6666666666666666
Nc2cnn(c1ccccc1)c(=O)c2Cl,221.647,1.4681,60.91,1,0.8
c1cc2ccc3cccc4ccc(c1)c2c34,202.25599999999997,4.584000000000002,0.0,0,1.0
c1ccnnc1,80.08999999999999,0.4765999999999999,25.78,0,1.0
c1ccncc1,79.10199999999998,1.0816,12.89,0,1.0
c1cncnc1,80.08999999999999,0.4765999999999999,25.78,0,1.0
CN(C)C(=O)Oc1cc(C)nn1c2ccccc2,245.282,2.2411200000000004,47.36000000000001,2,0.6111111111111112
CCC2NC(=O)c1cc(c(Cl)cc1N2)S(N)(=O)=O,289.7440000000001,0.8788,101.29,2,0.3333333333333333
c1ccc2ncccc2c1,129.16199999999998,2.2348,12.89,0,1.0
ClC(Cl)CC(=O)NC2=C(Cl)C(=O)c1ccccc1C2=O,332.57000000000005,2.8260000000000005,63.24,3,0.3
Clc1c(Cl)c(Cl)c(N(=O)=O)c(Cl)c1Cl,295.336,4.8618,43.14,1,0.4285714285714285
OCC1OC(CO)(OC2OC(COC3OC(CO)C(O)C(O)C3O)C(O)C(O)C2O)C(O)C1O,504.4380000000001,-7.571399999999989,268.67999999999995,8,0.0
CCC1(C(=O)NC(=O)NC1=O)C2=CCC3CCC2C3,262.30899999999997,1.4952,75.27000000000001,2,0.0
CCN2c1ncccc1N(C)C(=O)c3cccnc23 ,254.293,2.2245999999999997,49.330000000000005,1,0.631578947368421
C1SC(=S)NC1(=O),133.197,0.1342999999999999,29.1,0,0.0
Cc3cc2nc1c(=O)[nH]c(=O)nc1n(CC(O)C(O)C(O)CO)c2cc3C,376.36900000000014,-1.7235599999999989,161.56,5,0.5185185185185185
CCCOC(=O)c1ccc(N)cc1,179.21899999999997,1.8356,52.32,3,0.4615384615384615
COP(=S)(OC)Oc1cc(Cl)c(Cl)cc1Cl,321.549,4.542900000000002,27.69,4,0.375
COc5cc4OCC3Oc2c1CC(Oc1ccc2C(=O)C3c4cc5OC)C(C)=C ,394.42300000000023,3.7033000000000023,63.22,3,0.4137931034482758
CC(C)NC(=O)N1CC(=O)N(C1=O)c2cc(Cl)cc(Cl)c2,330.17100000000005,2.880000000000001,69.72,2,0.2857142857142857
O2c1ccccc1N(C)C(=O)c3cccnc23 ,226.235,2.4639000000000006,42.43,0,0.7058823529411765
O2c1ccc(N)cc1N(C)C(=O)c3cc(C)ccc23 ,254.289,2.9595200000000013,55.56,0,0.631578947368421
CCN2c1nc(Cl)ccc1N(C)C(=O)c3cccnc23 ,288.73800000000006,2.878000000000001,49.330000000000005,1,0.6
CCN2c1nc(C)cc(C(F)(F)F)c1NC(=O)c3cccnc23 ,322.29,3.5275200000000018,58.120000000000005,1,0.5217391304347826
CCN2c1nc(C)cc(C)c1NC(=O)c3cccnc23 ,268.32,2.817140000000001,58.120000000000005,1,0.6
CCN2c1ncccc1N(C)C(=S)c3cccnc23 ,270.361,2.759900000000001,32.260000000000005,1,0.631578947368421
CCN2c1ccccc1N(C)C(=S)c3cccnc23 ,269.373,3.3649000000000022,19.37,1,0.631578947368421
CCN2c1ccccc1N(C)C(=O)c3ccccc23 ,252.31699999999995,3.4346000000000023,23.55,1,0.631578947368421
CCN2c1ncccc1N(CC)C(=O)c3cccnc23 ,268.32,2.614700000000001,49.330000000000005,2,0.6
C2c1ccccc1N(CCF)C(=O)c3ccccc23 ,255.29199999999997,3.2071000000000023,20.31,2,0.631578947368421
CCN2c1cc(N(C)C)cc(C)c1NC(=O)c3cccnc23 ,296.374,3.1797200000000014,48.47,2,0.5454545454545454
CCN2c1cc(OC)cc(C)c1NC(=O)c3cccnc23 ,283.331,3.122320000000001,54.46,2,0.5714285714285714
CCN2c1cc(Cl)ccc1NC(=O)c3cccnc23 ,273.723,3.458700000000001,45.23,1,0.631578947368421
O2c1cc(C)ccc1N(C)C(=O)c3cc(N)cnc23 ,255.277,2.35452,68.45,0,0.631578947368421
CCN2c1ccccc1N(C)C(=O)c3cccnc23 ,253.30499999999995,2.829600000000001,36.44,1,0.631578947368421
CCN2c1nc(N(C)(CCO))ccc1NC(=O)c3cccnc23 ,313.36100000000005,1.6287999999999996,81.59000000000002,4,0.5217391304347826
C2c1ccccc1N(CCF)C(=O)c3ccccc23 ,255.29199999999997,3.2071000000000023,20.31,2,0.631578947368421
O2c1ccccc1N(CC)C(=O)c3ccccc23 ,239.274,3.4590000000000023,29.54,1,0.6666666666666666
OCC2OC(Oc1ccccc1CO)C(O)C(O)C2O,286.28,-1.6424000000000003,119.61,4,0.3
NC(=O)c1ccccc1O,137.13799999999998,0.4911,63.32000000000001,1,0.6
c1ccccc1NC(=O)c2c(O)cccc2,213.236,2.6445,49.33,2,0.75
CC3C2CCC1(C)C=CC(=O)C(=C1C2OC3=O)C,246.30599999999995,2.419600000000001,43.370000000000005,0,0.0
O=C1NC(=O)NC(=O)C1(C(C)CCC)CC=C,238.28699999999995,1.3510999999999993,75.27000000000001,5,0.0
CC1CCCCC1NC(=O)Nc2ccccc2,232.32700000000003,3.386800000000001,41.13,2,0.3529411764705882
CCNc1nc(Cl)nc(NCC)n1 ,201.661,1.3885999999999998,62.73,4,0.4615384615384615
CSc1nc(nc(n1)N(C)C)N(C)C,213.31,0.7254999999999998,45.150000000000006,3,0.4285714285714285
OCC(O)C(O)C(O)C(O)CO,182.172,-3.5854000000000004,121.38,5,0.0
CSCS(=O)CC(CO)NC(=O)C=Cc1c(C)[nH]c(=O)[nH]c1=O,361.4450000000001,-1.068879999999999,132.11999999999998,8,0.2608695652173913
CC(=O)SC4CC1=CC(=O)CCC1(C)C5CCC2(C)C(CCC23CCC(=O)O3)C45,416.58300000000025,4.852300000000005,60.44,1,0.0
CCCCOc1ccc(C(=O)OCC)c(c1)N(CC)CC ,293.40700000000004,3.8884000000000034,38.77,9,0.2857142857142857
CC34CCC1C(CCC2CC(=O)CCC12C)C3CCC4O ,290.44699999999995,3.9591000000000034,37.3,0,0.0
COP(=O)(OC)OC(=CCl)c1cc(Cl)c(Cl)cc1Cl,365.96400000000006,5.6015000000000015,44.760000000000005,5,0.3157894736842105
C=Cc1ccccc1,104.15199999999996,2.3296,0.0,1,0.75
C1OC1c2ccccc2 ,120.15099999999995,1.7579,12.53,1,0.6666666666666666
O=C1CCC(=O)N1,99.089,-0.577,46.17,0,0.0
OCC2OC(OC1(CO)OC(CO)C(O)C1O)C(O)C(O)C2O ,342.297,-5.395599999999993,189.52999999999997,5,0.0
NC(=N)NS(=O)(=O)c1ccc(N)cc1 ,214.25,-0.5594299999999999,122.06,2,0.4285714285714285
CCN(CC)C(=S)SCC(Cl)=C,223.794,3.0988000000000016,3.24,4,0.0
Nc1ccc(cc1)S(N)(=O)=O,172.20899999999995,-0.0837999999999999,86.18,1,0.5454545454545454
CCC(C)C1(CC=C)C(=O)NC(=O)NC1=O,224.26,0.961,75.27000000000001,4,0.0
CC(C)(C)c1ccccc1,134.22199999999998,2.9841000000000015,0.0,0,0.6
C/C=C/C=O,70.09100000000001,0.7614000000000001,17.07,1,0.0
Fc1cccc(F)c1C(=O)NC(=O)Nc2cc(Cl)c(F)c(Cl)c2F ,381.1120000000001,4.511700000000001,58.2,2,0.5
Cc1[nH]c(=O)n(c(=O)c1Cl)C(C)(C)C,216.668,1.2534200000000002,54.86,0,0.4285714285714285
CCOP(=S)(OCC)SCSC(C)(C)C,288.44,4.506300000000004,18.46,7,0.0
CCNc1nc(NC(C)(C)C)nc(OC)n1,225.296,1.5223999999999998,71.96000000000001,4,0.375
CCNc1nc(NC(C)(C)C)nc(SC)n1,241.364,2.2356999999999996,62.73,4,0.375
CC12CCC3C(CCC4=CC(=O)CCC34C)C2CCC1O,288.431,3.879200000000003,37.3,0,0.0
CC(=O)OC3CCC4C2CCC1=CC(=O)CCC1(C)C2CCC34C ,330.4680000000001,4.450000000000004,43.370000000000005,1,0.0
CCC(=O)OC3CCC4C2CCC1=CC(=O)CCC1(C)C2CCC34C ,344.4950000000001,4.840100000000005,43.370000000000005,2,0.0
BrC(Br)(Br)Br,331.62699999999995,3.1773,0.0,0,0.0
ClC(=C(Cl)Cl)Cl,165.834,3.0682,0.0,0,0.0
COc1c(O)c(Cl)c(Cl)c(Cl)c1Cl ,261.919,4.014400000000001,29.46,1,0.4615384615384615
ClC(Cl)(Cl)Cl,153.823,2.5529,0.0,0,0.0
CCCCCCCCCCCCCC,198.39399999999995,5.707400000000006,0.0,11,0.0
Cc1c(F)c(F)c(COC(=O)C2C(C=C(Cl)C(F)(F)F)C2(C)C)c(F)c1F,418.7360000000001,5.551820000000002,26.3,4,0.2222222222222222
C1CCOC1,72.107,0.7968,9.23,0,0.0
C1CCOCC1,86.134,1.1869,9.23,0,0.0
CN(C)C(=O)N(C)C ,116.164,0.2296,23.550000000000004,0,0.0
O=C1N(C2CCC(=O)NC2=O)C(=O)c3ccccc13,258.233,0.0877999999999994,83.55000000000001,1,0.3157894736842105
Cn1cnc2n(C)c(=O)[nH]c(=O)c12 ,180.16699999999997,-1.0397,72.68,0,0.6923076923076923
Cn1c(=O)n(C)c2nc[nH]c2c1=O,180.16699999999997,-1.039700000000001,72.68,0,0.6923076923076923
CS(=O)(=O)c1ccc(cc1)C(O)C(CO)NC(=O)C(Cl)Cl ,356.2270000000001,0.4043000000000002,103.70000000000002,6,0.2857142857142857
CCCC(C)C1(CC=C)C(=O)NC(=S)NC1=O ,254.355,1.5159999999999998,58.2,5,0.0
c1ccccc1SC,124.208,2.408500000000001,0.0,1,0.75
CNC(=O)ON=C(CSC)C(C)(C)C ,218.32199999999995,2.1075,50.69,3,0.0
CCSCCSP(=S)(OC)OC,246.359,2.990000000000001,18.46,7,0.0
CCCC(C)C1(CC)C(=O)NC(=S)NC1=O ,242.344,1.3499,58.2,4,0.0
c1ccsc1,84.14299999999999,1.7480999999999998,0.0,0,1.0
Sc1ccccc1,110.18099999999995,1.9752999999999996,0.0,0,0.8571428571428571
Sc1nccc(=O)[nH]1 ,128.15599999999998,0.0586,45.75,0,0.75
NC(=S)N,76.12400000000001,-0.8113000000000001,52.04,0,0.0
CN(C)C(=S)SSC(=S)N(C)C ,240.444,2.0608,6.48,0,0.0
Cc1c[nH]c(=O)[nH]c1=O ,126.115,-0.6283800000000002,65.72,0,0.6666666666666666
CC(C)c1ccc(C)cc1O,150.22099999999998,2.824020000000002,20.23,1,0.5454545454545454
Cc1ccccc1,92.141,1.99502,0.0,0,0.8571428571428571
CC(C)(C)Cc1ccccc1,148.249,3.2752000000000017,0.0,1,0.5454545454545454
C/C1CCC(\C)CC1,112.216,2.832600000000001,0.0,0,0.0
CCCC/C=C/C,98.18899999999998,2.752700000000001,0.0,3,0.0
CC/C=C/C,70.135,1.9725,0.0,1,0.0
CC(C)(C)C(=O)C(Oc1ccc(Cl)cc1)n2cncn2,293.754,3.1243000000000016,57.010000000000005,4,0.55
CC(C)N(C(C)C)C(=O)SCC(Cl)=C(Cl)Cl,304.66999999999996,4.843900000000003,20.31,4,0.0
CC34CC(O)C1(F)C(CCC2=CC(=O)C=CC12C)C3CC(O)C4(O)C(=O)CO,394.43900000000014,0.6204999999999998,115.06000000000002,2,0.0
CC5(C)OC4CC3C2CCC1=CC(=O)C=CC1(C)C2(F)C(O)CC3(C)C4(O5)C(=O)CO ,434.50400000000025,2.4188000000000005,93.06000000000002,2,0.0
CC(=O)OCC(=O)C3(O)C(CC4C2CCC1=CC(=O)C=CC1(C)C2(F)C(O)CC34C)OC(C)=O ,478.51300000000026,1.7620999999999996,127.20000000000002,4,0.0
Nc3nc(N)c2nc(c1ccccc1)c(N)nc2n3,253.26900000000003,0.8334000000000001,129.62,1,0.8421052631578947
Cc3nnc4CN=C(c1ccccc1Cl)c2cc(Cl)ccc2n34,343.2170000000001,4.233520000000003,43.07,1,0.7391304347826086
BrC(Br)Br,252.731,2.4547,0.0,0,0.0
NS(=O)(=O)c2cc1c(NC(NS1(=O)=O)C(Cl)Cl)cc2Cl ,380.662,0.8210000000000011,118.36,2,0.3
COP(=O)(OC)C(O)C(Cl)(Cl)Cl,257.437,2.1609000000000003,55.760000000000005,3,0.0
NS(=O)(=O)c2cc1c(NC(NS1(=O)=O)C(Cl)Cl)cc2Cl ,380.662,0.8210000000000011,118.36,2,0.3
ClC(Cl)(Cl)C#N,144.388,1.88018,23.79,0,0.0
ClC=C(Cl)Cl,131.389,2.5017000000000005,0.0,0,0.0
ClC(Cl)Cl,119.378,1.9864,0.0,0,0.0
CCOP(=S)(CC)Oc1cc(Cl)c(Cl)cc1Cl,333.60400000000004,5.391500000000002,18.46,5,0.3529411764705882
Oc1cc(Cl)ccc1Oc2ccc(Cl)cc2Cl,289.54499999999996,5.144700000000002,29.46,2,0.7058823529411765
Cc1ccc(OP(=O)(Oc2cccc(C)c2)Oc3ccccc3C)cc1,368.3690000000001,6.256760000000005,44.760000000000005,6,0.6923076923076923
Cc2cccc3sc1nncn1c23 ,189.243,2.25242,30.19,0,0.9230769230769232
CCNc1nc(Cl)nc(n1)N(CC)CC,229.71499999999995,1.803,53.940000000000005,5,0.4
CCOP(=O)(OCC)OCC,182.156,2.2039999999999997,44.760000000000005,6,0.0
CCCN(CCC)c1c(cc(cc1N(=O)=O)C(F)(F)F)N(=O)=O,335.28200000000004,4.148200000000004,89.51999999999998,7,0.2608695652173913
ClC(Cl)(Cl)C(NC=O)N1C=CN(C=C1)C(NC=O)C(Cl)(Cl)Cl ,430.9340000000001,2.431,64.68,6,0.0
COc2cc1c(N)nc(nc1c(OC)c2OC)N3CCN(CC3)C(=O)OCC(C)(C)O ,435.48100000000034,1.2672999999999996,132.5,6,0.3225806451612903
c1ccc2c(c1)c3ccccc3c4ccccc24,228.294,5.146200000000003,0.0,0,1.0
Nc1ncnc2n(ccc12)C3OC(CO)C(O)C3O ,266.257,-1.3750000000000009,126.65,2,0.4736842105263157
O=c1cc[nH]c(=O)[nH]1 ,112.088,-0.9368,65.72,0,0.75
NC(=O)N,60.056,-0.9762,69.11,0,0.0
O=c2[nH]c(=O)c1[nH]c(=O)[nH]c1[nH]2 ,168.112,-1.7672000000000003,114.36999999999998,0,0.75
CCCCC=O,86.13399999999999,1.3755,17.07,3,0.0
CNC(=O)C(C)SCCSP(=O)(OC)(OC),287.34299999999996,1.9881999999999995,64.63000000000001,8,0.0
CC1(OC(=O)N(C1=O)c2cc(Cl)cc(Cl)c2)C=C,286.11400000000003,3.4213000000000022,46.61,2,0.3333333333333333
CC(=O)CC(c1ccccc1)c3c(O)c2ccccc2oc3=O ,308.3330000000001,3.609600000000003,67.50999999999999,4,0.6956521739130435
Cc1cccc(C)c1NC(=O)c2cc(c(Cl)cc2O)S(N)(=O)=O,354.8150000000001,2.5621400000000008,109.48999999999998,3,0.5217391304347826
CNC(=O)Oc1cc(C)cc(C)c1,179.219,2.02164,38.33,1,0.4615384615384615
